TEAM_ID,TEAM_NAME,PLAYER_ID,PLAYER_NAME,season_avg_PTS,season_avg_AST,season_avg_REB,season_avg_share_of_PTS,season_avg_share_of_AST,season_avg_share_of_REB,season_total_share_of_PTS,season_total_share_of_AST,season_total_share_of_REB,season_win_bonus,season_mvp_score,season_mvp_ranking
1610612747,Los Angeles Lakers,2544,LeBron James,25.3,10.2,7.8,0.22,0.4,0.17,15.0,26.7,11.6,8.25,61.5678246010313,1.0
1610612745,Houston Rockets,201935,James Harden,34.3,7.5,6.6,0.29,0.35,0.15,19.7,24.0,10.0,4.5,58.28037167093969,2.0
1610612749,Milwaukee Bucks,203507,Giannis Antetokounmpo,29.5,5.6,13.6,0.25,0.22,0.26,15.7,13.9,16.4,9.75,55.81300029248501,3.0
1610612743,Denver Nuggets,203999,Nikola Jokic,19.9,7.0,9.7,0.18,0.26,0.22,13.2,19.1,16.1,4.75,53.07991017400459,4.0
1610612742,Dallas Mavericks,1629029,Luka Doncic,28.8,8.8,9.4,0.25,0.36,0.2,15.1,22.0,12.1,2.75,51.89281522591717,5.0
1610612757,Portland Trail Blazers,203081,Damian Lillard,30.0,8.0,4.3,0.26,0.4,0.09,17.0,26.2,6.2,0.0,49.431453215658586,6.0
1610612760,Oklahoma City Thunder,101108,Chris Paul,17.6,6.7,5.0,0.16,0.31,0.12,11.2,21.9,8.2,4.5,45.80634518465972,7.0
1610612745,Houston Rockets,201566,Russell Westbrook,27.2,7.0,7.9,0.23,0.32,0.18,13.2,18.3,10.0,3.75,45.261677843085906,8.0
1610612748,Miami Heat,1628389,Bam Adebayo,15.9,5.1,10.2,0.14,0.19,0.23,10.2,14.0,16.5,4.0,44.76917670516886,9.0
1610612754,Indiana Pacers,1627734,Domantas Sabonis,18.5,5.0,12.4,0.17,0.19,0.29,10.6,11.8,18.1,3.0,43.46306210673046,10.0
1610612747,Los Angeles Lakers,203076,Anthony Davis,26.1,3.2,9.3,0.23,0.13,0.2,14.4,8.0,12.6,7.5,42.56779811173874,11.0
1610612761,Toronto Raptors,200768,Kyle Lowry,19.4,7.5,5.0,0.17,0.3,0.11,10.0,17.5,6.6,6.0,40.07436601718534,12.0
1610612746,LA Clippers,202695,Kawhi Leonard,27.1,4.9,7.1,0.23,0.21,0.15,13.3,11.8,8.4,6.25,39.711452772088215,13.0
1610612756,Phoenix Suns,1626164,Devin Booker,26.6,6.5,4.2,0.23,0.24,0.1,16.3,16.9,6.9,-0.5,39.539802369092804,14.0
1610612762,Utah Jazz,1628378,Donovan Mitchell,24.0,4.3,4.4,0.22,0.2,0.1,14.9,13.5,6.7,4.25,39.41484696209275,15.0
1610612755,Philadelphia 76ers,1627732,Ben Simmons,16.4,8.0,7.8,0.15,0.31,0.17,8.6,17.5,9.7,3.25,39.09368460749518,16.0
1610612738,Boston Celtics,1628369,Jayson Tatum,23.4,3.0,7.0,0.2,0.13,0.15,13.5,8.9,9.9,6.5,38.84537449828729,17.0
1610612737,Atlanta Hawks,1629027,Trae Young,29.6,9.3,4.2,0.26,0.38,0.1,15.5,23.0,6.0,-6.0,38.50448850840559,18.0
1610612762,Utah Jazz,203497,Rudy Gobert,15.1,1.5,13.5,0.14,0.07,0.3,9.2,4.5,20.4,4.0,38.168785682858044,19.0
1610612761,Toronto Raptors,1627783,Pascal Siakam,22.8,3.4,7.3,0.2,0.14,0.16,12.1,8.3,9.7,8.0,38.12562311496839,20.0
1610612748,Miami Heat,202710,Jimmy Butler,19.9,6.0,6.7,0.18,0.23,0.15,10.4,13.4,8.6,4.5,36.88726004972023,21.0
1610612760,Oklahoma City Thunder,1628983,Shai Gilgeous-Alexander,19.0,3.3,5.9,0.17,0.15,0.14,12.0,10.6,9.5,4.0,36.17776895011889,22.0
1610612755,Philadelphia 76ers,202699,Tobias Harris,19.6,3.2,6.9,0.18,0.12,0.15,12.7,8.9,10.8,3.5,35.898056146520354,23.0
1610612749,Milwaukee Bucks,203114,Khris Middleton,20.9,4.3,6.2,0.17,0.16,0.12,10.8,10.1,7.4,7.5,35.86892577566361,24.0
1610612759,San Antonio Spurs,201942,DeMar DeRozan,22.1,5.6,5.5,0.19,0.22,0.13,13.2,15.2,8.6,-1.5,35.605880312102705,25.0
1610612746,LA Clippers,101150,Lou Williams,18.2,5.6,3.1,0.16,0.24,0.06,10.1,15.5,4.2,5.75,35.546789352015765,26.0
1610612756,Phoenix Suns,201937,Ricky Rubio,13.0,8.8,4.7,0.11,0.32,0.11,7.4,20.5,7.0,-0.25,34.70907618161529,27.0
1610612757,Portland Trail Blazers,203468,CJ McCollum,22.2,4.4,4.2,0.19,0.21,0.09,13.6,15.0,6.6,-0.5,34.708938473388564,28.0
1610612749,Milwaukee Bucks,202339,Eric Bledsoe,14.9,5.4,4.6,0.12,0.21,0.09,7.5,12.8,5.5,8.75,34.5348851189137,29.0
1610612763,Memphis Grizzlies,1629630,Ja Morant,17.8,7.3,3.9,0.16,0.27,0.08,10.6,18.1,5.5,-0.25,33.92268560856504,30.0
1610612761,Toronto Raptors,1627832,Fred VanVleet,17.6,6.6,3.8,0.16,0.26,0.08,8.5,14.3,4.5,6.5,33.842021124014636,31.0
1610612753,Orlando Magic,202696,Nikola Vucevic,19.6,3.6,10.9,0.18,0.15,0.24,11.3,9.0,15.0,-1.5,33.73913463329306,32.0
1610612751,Brooklyn Nets,203915,Spencer Dinwiddie,20.6,6.8,3.5,0.19,0.28,0.07,12.1,17.9,4.6,-1.0,33.53487016602611,33.0
1610612754,Indiana Pacers,1627763,Malcolm Brogdon,16.5,7.1,4.9,0.15,0.28,0.11,8.2,15.1,6.2,3.5,32.99320258332934,34.0
1610612757,Portland Trail Blazers,202355,Hassan Whiteside,15.5,1.2,13.5,0.14,0.06,0.3,9.1,3.7,19.9,0.25,32.97136671852818,35.0
1610612762,Utah Jazz,204060,Joe Ingles,9.8,5.2,3.9,0.09,0.23,0.08,6.3,16.3,6.1,4.0,32.74188223961445,36.0
1610612755,Philadelphia 76ers,203954,Joel Embiid,23.0,3.0,11.6,0.21,0.12,0.25,10.5,6.0,12.8,3.25,32.615786319560854,37.0
1610612760,Oklahoma City Thunder,203471,Dennis Schroder,18.9,4.0,3.6,0.17,0.18,0.09,11.1,11.7,5.5,3.75,32.121472875092024,38.0
1610612739,Cleveland Cavaliers,203083,Andre Drummond,17.7,2.7,15.2,0.16,0.11,0.35,9.3,6.2,20.2,-3.75,32.01185432287061,39.0
1610612766,Charlotte Hornets,1628984,Devonte' Graham,18.2,7.5,3.4,0.17,0.32,0.08,11.0,19.9,4.9,-4.25,31.506882227054493,40.0
1610612760,Oklahoma City Thunder,203500,Steven Adams,10.9,2.3,9.3,0.1,0.11,0.21,6.2,7.0,13.5,4.25,30.91308709140317,41.0
1610612738,Boston Celtics,202689,Kemba Walker,20.4,4.8,3.9,0.18,0.2,0.08,10.1,11.5,4.7,4.5,30.76085712888579,42.0
1610612755,Philadelphia 76ers,201143,Al Horford,11.9,4.0,6.8,0.11,0.16,0.15,7.2,10.5,10.0,2.75,30.51406859203634,43.0
1610612743,Denver Nuggets,1627750,Jamal Murray,18.5,4.8,4.0,0.17,0.18,0.09,9.9,10.6,5.4,4.25,30.110557623925228,44.0
1610612746,LA Clippers,1626149,Montrezl Harrell,18.6,1.7,7.1,0.16,0.07,0.15,10.1,4.5,9.3,6.25,30.06791921885077,45.0
1610612764,Washington Wizards,203078,Bradley Beal,30.5,6.1,4.2,0.26,0.23,0.1,14.8,13.4,5.9,-4.25,29.754376463628695,46.0
1610612740,New Orleans Pelicans,201950,Jrue Holiday,19.1,6.7,4.8,0.17,0.25,0.1,10.1,15.5,6.4,-2.25,29.702495159959124,47.0
1610612763,Memphis Grizzlies,202685,Jonas Valanciunas,14.9,1.9,11.3,0.13,0.07,0.24,9.3,4.7,16.8,-1.5,29.3584040225468,48.0
1610612738,Boston Celtics,203935,Marcus Smart,12.9,4.8,3.8,0.11,0.21,0.08,6.9,12.4,5.0,4.5,28.80016990691202,49.0
1610612738,Boston Celtics,202330,Gordon Hayward,17.5,4.1,6.7,0.15,0.18,0.15,7.9,9.2,7.6,4.0,28.743395523921738,50.0
1610612743,Denver Nuggets,203115,Will Barton,15.1,3.7,6.3,0.14,0.14,0.14,7.9,8.0,8.2,4.5,28.675431629026352,51.0
1610612752,New York Knicks,203944,Julius Randle,19.5,3.1,9.7,0.18,0.14,0.21,11.8,9.2,13.2,-5.5,28.650812467437397,52.0
1610612748,Miami Heat,201609,Goran Dragic,16.2,5.1,3.2,0.14,0.19,0.07,8.5,11.5,4.3,3.75,27.97819107754808,53.0
1610612738,Boston Celtics,1627759,Jaylen Brown,20.3,2.1,6.4,0.18,0.09,0.14,10.2,5.0,7.9,4.75,27.844536828715956,54.0
1610612762,Utah Jazz,202711,Bojan Bogdanovic,20.2,2.1,4.1,0.18,0.09,0.09,11.4,5.8,5.7,4.75,27.763642545105903,55.0
1610612740,New Orleans Pelicans,1627742,Brandon Ingram,23.8,4.2,6.1,0.21,0.16,0.13,12.8,9.6,8.2,-3.0,27.572770343711763,56.0
1610612753,Orlando Magic,203932,Aaron Gordon,14.4,3.7,7.7,0.13,0.15,0.17,8.3,9.2,10.6,-0.5,27.554418699232492,57.0
1610612740,New Orleans Pelicans,1628366,Lonzo Ball,11.8,7.0,6.1,0.1,0.25,0.13,6.3,15.8,8.1,-2.75,27.439617760740838,58.0
1610612753,Orlando Magic,1628365,Markelle Fultz,12.1,5.1,3.3,0.11,0.21,0.07,8.1,15.4,5.3,-1.5,27.41402613797697,59.0
1610612749,Milwaukee Bucks,1628978,Donte DiVincenzo,9.2,2.3,4.8,0.08,0.09,0.09,5.1,6.0,6.2,10.0,27.407180548210484,60.0
1610612746,LA Clippers,202331,Paul George,21.5,3.9,5.7,0.18,0.16,0.12,8.7,7.8,5.9,5.0,27.363062431040596,61.0
1610612742,Dallas Mavericks,204001,Kristaps Porzingis,20.4,1.8,9.5,0.17,0.07,0.2,9.9,4.0,11.5,1.75,27.205949911711212,62.0
1610612741,Chicago Bulls,203897,Zach LaVine,25.5,4.2,4.8,0.24,0.18,0.12,14.3,10.9,6.9,-5.0,27.112516747257516,63.0
1610612758,Sacramento Kings,1627741,Buddy Hield,19.2,3.0,4.6,0.18,0.13,0.11,12.6,9.0,7.7,-2.5,26.823858471299182,64.0
1610612761,Toronto Raptors,201586,Serge Ibaka,15.4,1.4,8.2,0.14,0.05,0.18,7.6,3.0,10.0,6.25,26.790204552018704,65.0
1610612754,Indiana Pacers,204456,T.J. McConnell,6.5,5.0,2.7,0.06,0.19,0.06,4.2,13.7,4.6,4.25,26.709065317838405,66.0
1610612746,LA Clippers,1627826,Ivica Zubac,8.3,1.1,7.5,0.07,0.05,0.16,5.2,3.5,11.5,6.5,26.671802353126083,67.0
1610612761,Toronto Raptors,1628384,OG Anunoby,10.6,1.6,5.3,0.09,0.06,0.12,6.5,4.3,8.1,7.75,26.62468352628691,68.0
1610612754,Indiana Pacers,203933,T.J. Warren,19.8,1.5,4.2,0.18,0.06,0.1,11.9,3.7,6.6,4.25,26.459707034295327,69.0
1610612749,Milwaukee Bucks,201572,Brook Lopez,12.0,1.5,4.6,0.1,0.06,0.09,6.9,3.9,6.1,9.5,26.382229828490523,70.0
1610612760,Oklahoma City Thunder,201568,Danilo Gallinari,18.7,1.9,5.2,0.17,0.09,0.12,10.4,5.3,7.7,3.0,26.3628403200757,71.0
1610612747,Los Angeles Lakers,2730,Dwight Howard,7.5,0.7,7.3,0.07,0.03,0.16,4.5,1.9,11.1,8.75,26.19071022236977,72.0
1610612748,Miami Heat,1629134,Kendrick Nunn,15.3,3.3,2.7,0.14,0.13,0.06,9.1,8.7,4.1,4.25,26.138239546831517,73.0
1610612758,Sacramento Kings,1628368,De'Aaron Fox,21.1,6.8,3.8,0.19,0.29,0.09,9.6,14.6,4.6,-2.75,26.074586987666457,74.0
1610612762,Utah Jazz,1626220,Royce O'Neale,6.3,2.5,5.5,0.06,0.12,0.12,4.1,8.2,8.7,4.25,25.26664261649192,75.0
1610612751,Brooklyn Nets,1628386,Jarrett Allen,11.1,1.6,9.6,0.1,0.06,0.2,7.0,4.5,14.0,-1.0,24.51963623091316,76.0
1610612758,Sacramento Kings,202357,Nemanja Bjelica,11.5,2.8,6.4,0.1,0.12,0.15,7.5,8.4,10.7,-2.5,24.206415017858365,77.0
1610612745,Houston Rockets,200782,P.J. Tucker,6.9,1.6,6.6,0.06,0.07,0.15,4.2,5.3,10.7,4.0,24.19585251858943,78.0
1610612738,Boston Celtics,1628464,Daniel Theis,9.2,1.7,6.6,0.08,0.08,0.14,5.3,4.9,9.1,4.75,24.00906662708799,79.0
1610612759,San Antonio Spurs,1627749,Dejounte Murray,10.9,4.1,5.8,0.1,0.17,0.13,6.3,11.1,8.6,-2.0,23.9388403385801,80.0
1610612749,Milwaukee Bucks,201588,George Hill,9.4,3.1,3.0,0.08,0.12,0.06,4.7,6.9,3.4,8.75,23.802214222598472,81.0
1610612747,Los Angeles Lakers,1628398,Kyle Kuzma,12.8,1.3,4.5,0.11,0.05,0.1,6.8,3.1,5.9,7.75,23.627109131081088,82.0
1610612743,Denver Nuggets,1628420,Monte Morris,9.0,3.5,1.9,0.08,0.13,0.04,5.8,9.6,3.1,4.75,23.297679680178103,83.0
1610612742,Dallas Mavericks,1626153,Delon Wright,6.9,3.3,3.8,0.06,0.14,0.08,4.3,10.0,5.9,2.75,23.030266508169586,84.0
1610612766,Charlotte Hornets,1626179,Terry Rozier,18.0,4.1,4.4,0.17,0.17,0.1,10.9,10.8,6.5,-5.25,22.9564205296163,85.0
1610612746,LA Clippers,201976,Patrick Beverley,7.9,3.6,5.2,0.07,0.15,0.11,3.6,7.6,5.5,6.25,22.948673030320116,86.0
1610612739,Cleveland Cavaliers,201567,Kevin Love,17.6,3.2,9.8,0.16,0.13,0.22,9.1,7.3,12.5,-6.0,22.94667383796111,87.0
1610612761,Toronto Raptors,1629056,Terence Davis,7.5,1.6,3.3,0.07,0.06,0.07,4.7,4.4,5.3,8.5,22.897740122963683,88.0
1610612742,Dallas Mavericks,203501,Tim Hardaway Jr.,15.8,1.9,3.3,0.13,0.08,0.07,9.6,5.3,4.9,2.75,22.595741745767604,89.0
1610612754,Indiana Pacers,1626167,Myles Turner,12.1,1.2,6.6,0.11,0.05,0.15,6.9,2.9,9.6,3.0,22.448985290915093,90.0
1610612754,Indiana Pacers,1628988,Aaron Holiday,9.5,3.4,2.4,0.09,0.13,0.06,5.7,8.5,3.6,4.5,22.36393935292692,91.0
1610612758,Sacramento Kings,203084,Harrison Barnes,14.5,2.2,4.9,0.13,0.1,0.12,9.5,7.0,8.4,-2.5,22.34968454414646,92.0
1610612747,Los Angeles Lakers,201580,JaVale McGee,6.6,0.5,5.7,0.06,0.02,0.13,3.9,1.4,8.5,8.5,22.304125821410995,93.0
1610612749,Milwaukee Bucks,1626192,Pat Connaughton,5.4,1.6,4.2,0.05,0.06,0.08,3.0,4.0,5.4,9.75,22.22008981805631,94.0
1610612761,Toronto Raptors,1626181,Norman Powell,16.0,1.8,3.7,0.14,0.07,0.08,7.4,3.6,4.2,7.0,22.200620900839628,95.0
1610612747,Los Angeles Lakers,200765,Rajon Rondo,7.1,5.0,3.0,0.06,0.2,0.06,2.9,9.6,3.1,6.5,22.046946560486877,96.0
1610612741,Chicago Bulls,203107,Tomas Satoransky,9.9,5.4,3.9,0.09,0.23,0.09,6.1,15.1,6.1,-5.25,22.005696285485445,97.0
1610612753,Orlando Magic,203095,Evan Fournier,18.5,3.2,2.6,0.18,0.14,0.06,11.6,8.9,3.8,-2.5,21.88938683385179,98.0
1610612747,Los Angeles Lakers,201980,Danny Green,8.0,1.3,3.3,0.07,0.05,0.07,4.8,3.6,5.0,8.5,21.85898690455801,99.0
1610612748,Miami Heat,1629130,Duncan Robinson,13.5,1.4,3.2,0.12,0.06,0.07,8.7,4.1,5.2,3.75,21.715918084842077,100.0
1610612738,Boston Celtics,202954,Brad Wanamaker,6.9,2.5,2.0,0.06,0.11,0.04,4.3,8.0,3.1,6.25,21.636811672782486,101.0
1610612747,Los Angeles Lakers,203484,Kentavious Caldwell-Pope,9.3,1.6,2.1,0.08,0.06,0.04,5.7,4.4,3.1,8.25,21.47287205997902,102.0
1610612742,Dallas Mavericks,1627827,Dorian Finney-Smith,9.5,1.6,5.7,0.08,0.06,0.12,5.8,4.6,8.6,2.25,21.28303398808781,103.0
1610612761,Toronto Raptors,201188,Marc Gasol,7.5,3.3,6.2,0.07,0.13,0.14,2.9,5.7,6.1,6.5,21.21022104006092,104.0
1610612743,Denver Nuggets,203924,Jerami Grant,12.0,1.2,3.5,0.11,0.05,0.08,7.6,3.2,5.6,4.75,21.17777649526947,105.0
1610612759,San Antonio Spurs,200746,LaMarcus Aldridge,18.9,2.4,7.4,0.17,0.1,0.16,8.8,5.3,8.7,-1.75,21.009313131499994,106.0
1610612758,Sacramento Kings,203992,Bogdan Bogdanovic,15.1,3.4,3.4,0.14,0.14,0.08,8.4,8.5,4.9,-0.75,20.919891216401133,107.0
1610612759,San Antonio Spurs,1628401,Derrick White,11.2,3.5,3.3,0.1,0.15,0.07,6.7,10.0,5.0,-1.0,20.736067255548807,108.0
1610612761,Toronto Raptors,1626178,Rondae Hollis-Jefferson,7.0,1.8,4.7,0.06,0.07,0.1,3.8,4.2,6.2,6.5,20.668344116349786,109.0
1610612743,Denver Nuggets,203486,Mason Plumlee,7.2,2.5,5.2,0.06,0.09,0.12,3.9,5.8,7.2,3.75,20.617895815280104,110.0
1610612762,Utah Jazz,201144,Mike Conley,14.4,4.4,3.2,0.13,0.2,0.07,6.2,9.5,3.4,1.25,20.28924584087764,111.0
1610612749,Milwaukee Bucks,202083,Wesley Matthews,7.4,1.4,2.5,0.06,0.05,0.05,4.2,3.6,3.2,9.25,20.18251989612215,112.0
1610612742,Dallas Mavericks,1628467,Maxi Kleber,9.1,1.2,5.2,0.08,0.05,0.11,5.7,3.6,8.3,2.5,20.068895071410992,113.0
1610612763,Memphis Grizzlies,1628415,Dillon Brooks,16.2,2.1,3.3,0.14,0.08,0.07,10.4,5.6,5.3,-1.25,20.0408449636173,114.0
1610612751,Brooklyn Nets,203925,Joe Harris,14.5,2.1,4.3,0.13,0.08,0.09,8.9,5.6,6.2,-0.75,20.025858494222135,115.0
1610612752,New York Knicks,203901,Elfrid Payton,10.0,7.2,4.7,0.09,0.31,0.1,4.2,14.0,4.5,-2.75,19.96944258993673,116.0
1610612745,Houston Rockets,1627863,Danuel House Jr.,10.5,1.3,4.2,0.09,0.06,0.1,5.6,3.9,6.1,4.25,19.9106076533265,117.0
1610612739,Cleveland Cavaliers,202684,Tristan Thompson,12.0,2.1,10.1,0.11,0.09,0.22,6.4,5.4,12.8,-4.75,19.895120454393485,118.0
1610612764,Washington Wizards,202397,Ish Smith,10.9,4.9,3.2,0.1,0.2,0.08,6.5,13.7,5.2,-5.5,19.872783720005902,119.0
1610612755,Philadelphia 76ers,1626196,Josh Richardson,13.7,2.9,3.2,0.13,0.12,0.07,6.9,6.4,3.8,2.75,19.834906139811384,120.0
1610612748,Miami Heat,1629639,Tyler Herro,13.5,2.2,4.1,0.12,0.09,0.09,6.7,4.9,5.0,3.25,19.791955615730945,121.0
1610612748,Miami Heat,203482,Kelly Olynyk,8.2,1.7,4.6,0.07,0.06,0.1,4.8,4.2,6.9,3.75,19.76399085310024,122.0
1610612738,Boston Celtics,202683,Enes Kanter,8.1,1.0,7.4,0.07,0.04,0.16,4.1,2.6,9.4,3.5,19.61101291086325,123.0
1610612746,LA Clippers,203210,JaMychal Green,6.8,0.8,6.2,0.06,0.03,0.13,3.8,2.1,8.0,5.75,19.58752398902964,124.0
1610612751,Brooklyn Nets,201599,DeAndre Jordan,8.3,1.9,10.0,0.08,0.08,0.2,4.2,4.4,11.4,-0.5,19.55003530049011,125.0
1610612749,Milwaukee Bucks,101141,Ersan Ilyasova,6.6,0.8,4.8,0.06,0.03,0.09,3.5,1.9,5.9,8.25,19.47478960636439,126.0
1610612745,Houston Rockets,203991,Clint Capela,13.9,1.2,13.8,0.12,0.06,0.29,4.6,2.2,11.4,1.25,19.43968052787383,127.0
1610612762,Utah Jazz,203903,Jordan Clarkson,15.2,1.9,2.6,0.14,0.09,0.06,9.8,6.2,4.2,-0.75,19.429541376562213,128.0
1610612756,Phoenix Suns,203967,Dario Saric,10.7,1.9,6.2,0.09,0.07,0.14,6.1,4.5,9.3,-0.5,19.423782451540454,129.0
1610612756,Phoenix Suns,1629028,Deandre Ayton,18.2,1.9,11.5,0.16,0.07,0.26,6.2,2.8,9.9,0.5,19.37768645620456,130.0
1610612757,Portland Trail Blazers,2546,Carmelo Anthony,15.4,1.5,6.3,0.13,0.07,0.14,7.8,3.9,8.0,-0.5,19.247075403946504,131.0
1610612750,Minnesota Timberwolves,1626156,D'Angelo Russell,23.1,6.3,3.9,0.21,0.26,0.09,9.3,11.6,4.1,-5.75,19.24013800575817,132.0
1610612753,Orlando Magic,201571,D.J. Augustin,10.5,4.6,2.1,0.1,0.2,0.05,5.4,11.2,2.8,-0.25,19.158612712624617,133.0
1610612765,Detroit Pistons,201565,Derrick Rose,18.1,5.6,2.4,0.17,0.24,0.06,8.4,11.8,2.9,-4.0,19.050212573033622,134.0
1610612739,Cleveland Cavaliers,1629012,Collin Sexton,20.8,3.0,3.1,0.19,0.13,0.07,12.6,8.4,4.7,-6.75,18.934759707150505,135.0
1610612754,Indiana Pacers,203200,Justin Holiday,8.3,1.3,3.3,0.08,0.05,0.08,5.5,3.6,5.6,4.25,18.927385381843788,136.0
1610612750,Minnesota Timberwolves,1626157,Karl-Anthony Towns,26.5,4.4,10.8,0.23,0.18,0.24,8.1,6.1,8.3,-3.75,18.791881405111425,137.0
1610612748,Miami Heat,203109,Jae Crowder,10.5,2.5,5.9,0.09,0.09,0.13,6.1,5.8,8.6,-1.75,18.75542878760794,138.0
1610612744,Golden State Warriors,203952,Andrew Wiggins,21.8,3.7,5.1,0.19,0.15,0.11,10.5,8.1,6.1,-6.0,18.72213267147219,139.0
1610612751,Brooklyn Nets,1627752,Taurean Prince,12.1,1.8,6.0,0.11,0.07,0.12,7.0,4.8,7.9,-1.0,18.7149762936975,140.0
1610612737,Atlanta Hawks,201952,Jeff Teague,10.9,5.2,2.4,0.1,0.23,0.05,5.7,13.6,3.1,-3.75,18.667625406137404,141.0
1610612745,Houston Rockets,203085,Austin Rivers,8.8,1.7,2.6,0.07,0.08,0.06,5.0,5.2,4.0,4.5,18.663489790144535,142.0
1610612747,Los Angeles Lakers,1627936,Alex Caruso,5.5,1.9,1.9,0.05,0.08,0.04,3.1,4.9,2.6,8.0,18.60355457605205,143.0
1610612751,Brooklyn Nets,1627747,Caris LeVert,18.7,4.4,4.2,0.16,0.18,0.09,7.3,8.1,3.9,-0.75,18.539873360295157,144.0
1610612745,Houston Rockets,203496,Robert Covington,12.4,1.3,6.6,0.11,0.06,0.15,7.7,3.9,10.7,-4.0,18.344478503417122,145.0
1610612743,Denver Nuggets,203914,Gary Harris,10.4,2.1,2.9,0.1,0.08,0.07,5.4,4.6,3.6,4.5,18.06785176442011,146.0
1610612756,Phoenix Suns,1626162,Kelly Oubre Jr.,18.7,1.5,6.4,0.17,0.06,0.15,9.4,3.2,8.3,-3.0,17.876430469357874,147.0
1610612746,LA Clippers,202694,Marcus Morris Sr.,16.7,1.4,5.0,0.16,0.06,0.11,9.6,3.9,6.8,-2.5,17.821146864388936,148.0
1610612742,Dallas Mavericks,203552,Seth Curry,12.4,1.9,2.3,0.11,0.08,0.05,6.7,4.9,3.1,3.0,17.794136245758306,149.0
1610612754,Indiana Pacers,203926,Doug McDermott,10.3,1.1,2.5,0.09,0.04,0.06,6.5,2.9,4.0,4.25,17.663579248335143,150.0
1610612761,Toronto Raptors,1628449,Chris Boucher,6.6,0.4,4.5,0.06,0.02,0.1,3.7,1.0,5.9,7.0,17.619424521719623,151.0
1610612743,Denver Nuggets,200794,Paul Millsap,11.6,1.6,5.7,0.1,0.06,0.13,5.4,3.1,6.8,2.25,17.499731145264658,152.0
1610612760,Oklahoma City Thunder,203457,Nerlens Noel,7.4,0.9,4.9,0.07,0.04,0.11,4.1,2.6,7.0,3.75,17.486505677757506,153.0
1610612759,San Antonio Spurs,200752,Rudy Gay,10.8,1.7,5.4,0.09,0.07,0.12,6.3,4.8,8.1,-1.75,17.441333932267085,154.0
1610612742,Dallas Mavericks,1628973,Jalen Brunson,8.2,3.3,2.4,0.07,0.14,0.05,4.0,7.7,2.9,2.75,17.34198320294452,155.0
1610612764,Washington Wizards,1628972,Troy Brown Jr.,10.4,2.6,5.6,0.09,0.1,0.13,6.3,7.2,9.1,-5.25,17.317992674686696,156.0
1610612755,Philadelphia 76ers,202692,Alec Burks,15.0,2.9,4.3,0.14,0.11,0.1,9.1,7.5,6.5,-6.0,17.12705259337737,157.0
1610612763,Memphis Grizzlies,1628991,Jaren Jackson Jr.,17.4,1.4,4.6,0.15,0.05,0.1,8.7,2.9,5.7,-0.25,17.079306062946483,158.0
1610612737,Atlanta Hawks,1628381,John Collins,21.6,1.5,10.1,0.19,0.06,0.23,7.9,2.4,9.3,-2.75,16.853497738911546,159.0
1610612763,Memphis Grizzlies,1626145,Tyus Jones,7.4,4.4,1.6,0.07,0.16,0.03,4.3,10.6,2.2,-0.25,16.8418696894979,160.0
1610612749,Milwaukee Bucks,201577,Robin Lopez,5.4,0.7,2.4,0.05,0.03,0.05,3.0,1.7,3.2,9.0,16.836413755382786,161.0
1610612766,Charlotte Hornets,1628970,Miles Bridges,13.0,1.8,5.6,0.13,0.07,0.13,8.3,4.7,8.5,-4.75,16.770825742445922,162.0
1610612740,New Orleans Pelicans,202324,Derrick Favors,9.0,1.6,9.8,0.08,0.06,0.21,3.9,3.0,10.5,-0.75,16.639240934906063,163.0
1610612745,Houston Rockets,203463,Ben McLemore,10.1,0.8,2.2,0.09,0.04,0.05,6.1,2.7,3.5,4.25,16.61583597930107,164.0
1610612758,Sacramento Kings,202709,Cory Joseph,6.4,3.5,2.6,0.06,0.15,0.06,4.1,10.5,4.5,-2.5,16.60708411921532,165.0
1610612763,Memphis Grizzlies,1629634,Brandon Clarke,12.1,1.4,5.9,0.11,0.05,0.13,6.2,2.9,7.4,0.0,16.51562630974612,166.0
1610612743,Denver Nuggets,1629008,Michael Porter Jr.,9.3,0.8,4.7,0.08,0.03,0.11,4.5,1.6,5.8,4.25,16.18149831211641,167.0
1610612753,Orlando Magic,203082,Terrence Ross,14.7,1.2,3.2,0.14,0.05,0.07,9.4,3.4,5.0,-1.75,16.153323694653317,168.0
1610612755,Philadelphia 76ers,1627788,Furkan Korkmaz,9.8,1.1,2.3,0.09,0.04,0.05,6.4,3.1,3.7,3.0,16.149479920900582,169.0
1610612751,Brooklyn Nets,202066,Garrett Temple,10.3,2.5,3.5,0.09,0.1,0.07,5.7,6.4,4.5,-0.5,16.111942369444023,170.0
1610612756,Phoenix Suns,1628969,Mikal Bridges,9.1,1.8,4.0,0.08,0.06,0.09,5.8,4.7,6.7,-1.25,16.022742583896733,171.0
1610612766,Charlotte Hornets,1629023,P.J. Washington,12.2,2.1,5.4,0.12,0.09,0.13,6.9,5.2,7.3,-3.5,15.870693159371113,172.0
1610612741,Chicago Bulls,1629632,Coby White,13.2,2.7,3.5,0.12,0.12,0.08,7.9,7.6,5.5,-5.25,15.726737789502108,173.0
1610612737,Atlanta Hawks,1628989,Kevin Huerter,12.2,3.8,4.1,0.11,0.16,0.09,6.1,8.8,5.2,-4.5,15.62522623629031,174.0
1610612754,Indiana Pacers,203087,Jeremy Lamb,12.5,2.1,4.3,0.11,0.08,0.1,5.2,3.7,4.8,2.0,15.621873185377284,175.0
1610612740,New Orleans Pelicans,1628404,Josh Hart,10.1,1.7,6.5,0.09,0.06,0.14,5.7,4.0,9.1,-3.25,15.508218917499985,176.0
1610612753,Orlando Magic,203516,James Ennis III,6.6,0.9,3.6,0.06,0.03,0.08,4.1,2.3,5.3,3.75,15.490512427475933,177.0
1610612765,Detroit Pistons,1628971,Bruce Brown,8.9,4.0,4.7,0.08,0.17,0.11,4.9,9.7,6.4,-5.5,15.395334771474532,178.0
1610612758,Sacramento Kings,203145,Kent Bazemore,8.8,1.4,4.3,0.08,0.06,0.1,5.3,4.2,6.7,-1.0,15.260236704256725,179.0
1610612749,Milwaukee Bucks,2594,Kyle Korver,6.7,1.2,2.1,0.06,0.04,0.04,3.3,2.5,2.4,7.0,15.212038457937993,180.0
1610612738,Boston Celtics,1629684,Grant Williams,3.4,1.0,2.6,0.03,0.04,0.06,2.1,2.9,3.8,6.25,15.083659081617618,181.0
1610612763,Memphis Grizzlies,203937,Kyle Anderson,5.8,2.4,4.3,0.05,0.09,0.09,3.5,6.1,6.1,-0.75,14.96163466230858,182.0
1610612762,Utah Jazz,1626144,Emmanuel Mudiay,7.3,2.1,2.3,0.07,0.09,0.05,3.5,5.1,2.8,3.5,14.948138578239462,183.0
1610612748,Miami Heat,203086,Meyers Leonard,6.1,1.1,5.1,0.05,0.04,0.11,2.8,2.1,5.7,4.25,14.911946221448085,184.0
1610612752,New York Knicks,203090,Maurice Harkless,5.8,1.1,3.9,0.05,0.05,0.08,3.1,2.8,4.9,4.0,14.857226113381396,185.0
1610612759,San Antonio Spurs,1627751,Jakob Poeltl,5.6,1.8,5.7,0.05,0.07,0.12,3.3,4.7,8.2,-1.5,14.710288753963136,186.0
1610612752,New York Knicks,1629628,RJ Barrett,14.3,2.6,5.0,0.13,0.12,0.11,7.5,6.4,6.0,-5.5,14.482511775225845,187.0
1610612747,Los Angeles Lakers,202340,Avery Bradley,8.6,1.3,2.3,0.08,0.05,0.05,3.7,2.4,2.5,5.75,14.335535145981797,188.0
1610612749,Milwaukee Bucks,1628425,Sterling Brown,5.1,1.0,3.5,0.04,0.04,0.07,2.3,2.0,3.5,6.5,14.298050911314254,189.0
1610612748,Miami Heat,1627884,Derrick Jones Jr.,8.5,1.1,3.9,0.08,0.04,0.09,4.4,2.4,5.2,2.25,14.273549611264002,190.0
1610612746,LA Clippers,1629013,Landry Shamet,9.3,1.9,1.9,0.08,0.08,0.04,4.2,4.0,2.1,3.75,14.158291676065483,191.0
1610612765,Detroit Pistons,1626174,Christian Wood,13.1,1.0,6.3,0.12,0.04,0.15,7.6,2.5,9.5,-5.5,14.105607195752432,192.0
1610612741,Chicago Bulls,1628374,Lauri Markkanen,14.7,1.5,6.3,0.14,0.07,0.15,6.9,3.4,7.3,-3.5,14.053412457676638,193.0
1610612766,Charlotte Hornets,203469,Cody Zeller,11.1,1.5,7.1,0.11,0.06,0.17,6.3,3.6,9.7,-5.5,14.035748370460356,194.0
1610612764,Washington Wizards,203894,Shabazz Napier,10.3,4.7,2.8,0.09,0.19,0.07,5.2,10.9,3.7,-6.0,13.837004688442708,195.0
1610612741,Chicago Bulls,201152,Thaddeus Young,10.3,1.8,4.9,0.1,0.08,0.12,6.2,5.0,7.6,-5.0,13.772467518332608,196.0
1610612755,Philadelphia 76ers,203118,Mike Scott,6.0,0.8,3.6,0.05,0.03,0.08,3.6,2.1,5.5,2.5,13.771974693506849,197.0
1610612763,Memphis Grizzlies,1629001,De'Anthony Melton,7.6,2.9,3.7,0.07,0.11,0.08,3.9,6.5,4.8,-1.5,13.74670879657715,198.0
1610612740,New Orleans Pelicans,200755,JJ Redick,15.3,2.0,2.5,0.13,0.07,0.06,7.9,4.4,3.3,-2.0,13.67405960254487,199.0
1610612744,Golden State Warriors,203110,Draymond Green,8.0,6.2,6.2,0.07,0.23,0.14,3.2,10.0,6.0,-5.75,13.51452260691349,200.0
1610612743,Denver Nuggets,1628470,Torrey Craig,5.4,0.8,3.3,0.05,0.03,0.07,2.8,1.8,4.3,4.5,13.357664248980832,201.0
1610612739,Cleveland Cavaliers,1626204,Larry Nance Jr.,10.1,2.2,7.3,0.09,0.09,0.16,5.2,5.0,9.1,-6.0,13.343807520471731,202.0
1610612739,Cleveland Cavaliers,1629636,Darius Garland,12.3,3.9,1.9,0.12,0.17,0.04,6.8,10.2,2.5,-6.25,13.270587087698475,203.0
1610612760,Oklahoma City Thunder,1629647,Darius Bazley,5.6,0.7,4.0,0.05,0.03,0.09,3.1,1.8,5.6,2.75,13.258195006691334,204.0
1610612764,Washington Wizards,202722,Davis Bertans,15.4,1.7,4.5,0.13,0.07,0.11,7.2,3.5,6.0,-3.5,13.256169321684071,205.0
1610612742,Dallas Mavericks,203939,Dwight Powell,9.4,1.5,5.7,0.08,0.06,0.12,3.3,2.5,4.8,2.5,13.075645029577593,206.0
1610612741,Chicago Bulls,1628976,Wendell Carter Jr.,11.3,1.2,9.4,0.11,0.05,0.22,4.6,2.2,9.5,-3.25,13.02612574939761,207.0
1610612762,Utah Jazz,1628396,Tony Bradley,4.9,0.4,4.6,0.04,0.02,0.1,2.5,1.0,6.0,3.5,12.958107857994136,208.0
1610612750,Minnesota Timberwolves,1627736,Malik Beasley,11.2,1.4,2.7,0.1,0.05,0.06,5.3,2.8,3.5,1.25,12.83050311955545,209.0
1610612738,Boston Celtics,1628400,Semi Ojeleye,3.4,0.5,2.1,0.03,0.02,0.05,2.1,1.7,3.2,5.75,12.75222081328703,210.0
1610612764,Washington Wizards,1628418,Thomas Bryant,13.2,1.8,7.2,0.12,0.07,0.17,5.4,3.1,8.0,-4.0,12.438719728151097,211.0
1610612746,LA Clippers,202335,Patrick Patterson,4.9,0.7,2.6,0.04,0.03,0.06,2.5,1.8,3.2,4.75,12.33130897259905,212.0
1610612762,Utah Jazz,1627777,Georges Niang,5.9,0.7,1.9,0.05,0.03,0.04,3.5,1.8,2.9,4.0,12.21277484977439,213.0
1610612741,Chicago Bulls,1627739,Kris Dunn,7.3,3.4,3.6,0.07,0.15,0.09,3.5,7.6,4.4,-3.25,12.16994397680911,214.0
1610612760,Oklahoma City Thunder,1627846,Abdel Nader,6.3,0.7,1.8,0.06,0.03,0.04,3.2,1.8,2.4,4.75,12.164642360376622,215.0
1610612759,San Antonio Spurs,1626168,Trey Lyles,6.4,1.1,5.7,0.06,0.04,0.13,3.5,2.7,8.1,-2.25,12.115378821949237,216.0
1610612758,Sacramento Kings,1626158,Richaun Holmes,12.2,1.0,8.1,0.11,0.04,0.19,5.0,1.9,8.2,-3.0,12.108253167440111,217.0
1610612737,Atlanta Hawks,1629631,De'Andre Hunter,12.3,1.8,4.5,0.11,0.08,0.11,6.8,4.8,6.6,-6.25,12.038231068617428,218.0
1610612752,New York Knicks,1626171,Bobby Portis,10.1,1.5,5.1,0.1,0.07,0.11,6.3,4.5,7.3,-6.0,12.031048885248175,219.0
1610612755,Philadelphia 76ers,1629680,Matisse Thybulle,4.7,1.2,1.6,0.04,0.05,0.04,2.8,3.1,2.4,3.75,12.01865793254371,220.0
1610612739,Cleveland Cavaliers,1626224,Cedi Osman,11.0,2.4,3.6,0.1,0.1,0.08,6.7,6.6,5.2,-6.75,11.854768169408427,221.0
1610612764,Washington Wizards,1629060,Rui Hachimura,13.5,1.8,6.1,0.12,0.07,0.15,5.6,3.4,7.3,-4.5,11.758438009279272,222.0
1610612742,Dallas Mavericks,1628382,Justin Jackson,5.5,0.8,2.4,0.05,0.03,0.05,3.1,2.1,3.3,3.25,11.754857105007178,223.0
1610612764,Washington Wizards,1629010,Jerome Robinson,5.1,1.4,2.0,0.05,0.06,0.05,2.8,3.7,2.9,2.25,11.745523830938927,224.0
1610612757,Portland Trail Blazers,1629014,Anfernee Simons,8.3,1.4,2.2,0.07,0.07,0.05,5.2,4.8,3.3,-1.5,11.723823679319068,225.0
1610612745,Houston Rockets,201145,Jeff Green,9.4,1.0,2.8,0.09,0.05,0.06,4.1,2.3,3.0,2.0,11.418550442906465,226.0
1610612751,Brooklyn Nets,202681,Kyrie Irving,27.4,6.4,5.2,0.23,0.28,0.11,4.7,5.6,2.2,-1.0,11.416098057314457,227.0
1610612757,Portland Trail Blazers,2772,Trevor Ariza,8.0,1.7,4.6,0.07,0.08,0.11,3.7,4.3,5.7,-2.25,11.405014115518126,228.0
1610612744,Golden State Warriors,1629672,Eric Paschall,14.0,2.1,4.6,0.13,0.08,0.11,8.0,4.9,6.4,-8.0,11.332474898332302,229.0
1610612759,San Antonio Spurs,201988,Patty Mills,11.6,1.8,1.6,0.1,0.07,0.04,6.7,4.7,2.4,-2.5,11.310160488675224,230.0
1610612746,LA Clippers,203585,Rodney McGruder,3.3,0.6,2.7,0.03,0.03,0.06,1.6,1.5,3.2,5.0,11.252200186548432,231.0
1610612753,Orlando Magic,1628964,Mo Bamba,5.4,0.7,4.9,0.05,0.03,0.11,3.1,1.8,6.8,-0.5,11.245665840511402,232.0
1610612744,Golden State Warriors,1627737,Marquese Chriss,9.3,1.9,6.2,0.09,0.08,0.15,5.1,4.6,8.8,-7.25,11.224357916323116,233.0
1610612752,New York Knicks,1629011,Mitchell Robinson,9.7,0.6,7.0,0.09,0.03,0.15,5.6,1.6,9.2,-5.25,11.081960467041187,234.0
1610612755,Philadelphia 76ers,1629003,Shake Milton,9.4,2.6,2.2,0.08,0.1,0.05,3.3,4.2,2.0,1.5,11.079492510674976,235.0
1610612759,San Antonio Spurs,1627854,Bryn Forbes,11.2,1.7,2.0,0.1,0.07,0.04,6.2,4.3,2.8,-2.25,11.025902755746614,236.0
1610612756,Phoenix Suns,203382,Aron Baynes,11.5,1.6,5.6,0.1,0.06,0.13,4.2,2.5,5.4,-1.0,11.021204063666879,237.0
1610612756,Phoenix Suns,1629661,Cameron Johnson,8.8,1.2,3.3,0.08,0.05,0.07,4.4,2.6,4.3,-0.25,10.928545467071928,238.0
1610612746,LA Clippers,202704,Reggie Jackson,11.9,4.1,3.0,0.11,0.17,0.07,3.3,5.2,2.1,0.25,10.921797677482493,239.0
1610612761,Toronto Raptors,1627775,Patrick McCaw,4.6,2.1,2.3,0.04,0.08,0.05,1.5,3.0,1.9,4.25,10.659989533810656,240.0
1610612748,Miami Heat,203524,Solomon Hill,5.5,1.8,2.8,0.05,0.07,0.06,2.9,3.9,3.7,-0.25,10.251876487039617,241.0
1610612753,Orlando Magic,1628371,Jonathan Isaac,11.9,1.4,6.8,0.12,0.06,0.16,3.9,2.0,5.3,-1.0,10.22425404656183,242.0
1610612744,Golden State Warriors,1627814,Damion Lee,12.7,2.7,4.9,0.12,0.1,0.11,5.7,5.1,5.6,-6.25,10.145143805140258,243.0
1610612745,Houston Rockets,201569,Eric Gordon,14.4,1.5,2.0,0.12,0.07,0.05,4.4,2.5,1.7,1.5,10.068087369710698,244.0
1610612740,New Orleans Pelicans,1629637,Jaxson Hayes,7.4,0.9,4.0,0.06,0.03,0.09,4.1,2.1,5.7,-2.0,9.994835765723929,245.0
1610612753,Orlando Magic,203487,Michael Carter-Williams,7.2,2.4,3.3,0.07,0.1,0.07,2.9,4.4,3.3,-0.75,9.866223140777272,246.0
1610612747,Los Angeles Lakers,202693,Markieff Morris,9.7,1.3,3.8,0.09,0.05,0.09,5.1,3.1,5.2,-3.5,9.84997137085355,247.0
1610612755,Philadelphia 76ers,203922,Glenn Robinson III,11.7,1.5,4.4,0.11,0.06,0.1,6.8,3.7,6.4,-7.0,9.842716389648885,248.0
1610612756,Phoenix Suns,1626163,Frank Kaminsky,9.7,1.9,4.5,0.08,0.07,0.1,3.3,2.6,4.1,-0.25,9.762515203395283,249.0
1610612760,Oklahoma City Thunder,1628977,Hamidou Diallo,6.9,0.8,3.6,0.06,0.04,0.08,2.9,1.8,3.8,1.0,9.490463352449154,250.0
1610612765,Detroit Pistons,1628379,Luke Kennard,15.8,4.1,3.5,0.15,0.16,0.08,4.1,4.6,2.3,-1.5,9.486337624136976,251.0
1610612760,Oklahoma City Thunder,1629652,Luguentz Dort,6.8,0.8,2.2,0.06,0.04,0.05,2.2,1.3,1.9,4.0,9.46600461600176,252.0
1610612747,Los Angeles Lakers,1626188,Quinn Cook,5.1,1.1,1.2,0.04,0.04,0.02,1.9,1.9,1.1,4.5,9.43437109445956,253.0
1610612766,Charlotte Hornets,1628370,Malik Monk,10.3,2.1,2.9,0.1,0.09,0.07,5.5,4.8,3.7,-4.75,9.330143775241112,254.0
1610612740,New Orleans Pelicans,202734,E'Twaun Moore,8.3,1.4,2.3,0.07,0.05,0.05,4.0,3.0,2.8,-0.5,9.293951599578213,255.0
1610612758,Sacramento Kings,1628385,Harry Giles III,6.9,1.3,4.1,0.06,0.05,0.1,2.8,2.4,4.4,-0.5,9.187615704004093,256.0
1610612761,Toronto Raptors,1629744,Matt Thomas,4.9,0.5,1.5,0.04,0.02,0.03,1.8,0.8,1.3,5.25,9.172035549467271,257.0
1610612738,Boston Celtics,1629750,Javonte Green,3.4,0.5,1.9,0.03,0.02,0.04,1.5,1.1,2.0,4.5,9.11539325907179,258.0
1610612749,Milwaukee Bucks,1628391,D.J. Wilson,3.6,0.7,2.5,0.03,0.02,0.05,1.1,0.9,1.7,5.25,9.024082681552558,259.0
1610612763,Memphis Grizzlies,203476,Gorgui Dieng,7.4,1.2,5.6,0.07,0.05,0.12,4.2,3.1,7.4,-5.75,8.982166674183365,260.0
1610612752,New York Knicks,1628373,Frank Ntilikina,6.3,3.0,2.1,0.06,0.13,0.05,3.4,7.7,2.6,-4.75,8.87263122984665,261.0
1610612750,Minnesota Timberwolves,1629006,Josh Okogie,8.6,1.6,4.3,0.08,0.07,0.1,4.7,4.2,6.0,-6.0,8.860512131262118,262.0
1610612757,Portland Trail Blazers,1629018,Gary Trent Jr.,8.9,1.0,1.6,0.08,0.05,0.04,4.6,2.8,2.2,-0.75,8.847661404750946,263.0
1610612740,New Orleans Pelicans,1629627,Zion Williamson,22.5,2.1,6.2,0.19,0.07,0.13,4.6,1.7,3.1,-0.5,8.82089270981616,264.0
1610612766,Charlotte Hornets,202687,Bismack Biyombo,7.4,0.9,5.8,0.07,0.04,0.13,3.9,2.1,7.0,-4.25,8.787217576422833,265.0
1610612743,Denver Nuggets,203584,Troy Daniels,4.3,0.4,1.1,0.04,0.01,0.02,1.8,0.6,1.1,5.25,8.750184359020794,266.0
1610612758,Sacramento Kings,203458,Alex Len,8.0,0.9,5.8,0.07,0.04,0.13,4.0,2.1,7.2,-4.75,8.607727196093066,267.0
1610612755,Philadelphia 76ers,203526,Raul Neto,5.1,1.8,1.1,0.05,0.07,0.03,2.5,3.7,1.4,1.0,8.546723482310943,268.0
1610612759,San Antonio Spurs,1629022,Lonnie Walker IV,6.4,1.1,2.3,0.06,0.05,0.05,3.4,2.8,3.1,-0.75,8.539150731297129,269.0
1610612750,Minnesota Timberwolves,1627823,Juancho Hernangomez,6.0,0.8,4.1,0.05,0.03,0.1,2.5,1.4,4.6,0.0,8.512512220987405,270.0
1610612760,Oklahoma City Thunder,1628390,Terrance Ferguson,3.9,0.9,1.3,0.03,0.04,0.03,2.0,2.2,1.7,2.5,8.401951506655232,271.0
1610612764,Washington Wizards,202738,Isaiah Thomas,12.2,3.6,1.7,0.1,0.14,0.04,4.2,5.6,1.6,-3.0,8.400419379409485,272.0
1610612756,Phoenix Suns,1628975,Jevon Carter,4.9,1.4,2.0,0.04,0.05,0.05,2.5,3.1,2.7,0.0,8.39771542957231,273.0
1610612740,New Orleans Pelicans,1629740,Nicolo Melli,6.6,1.4,3.0,0.06,0.05,0.07,3.4,3.0,3.9,-2.0,8.333817657986812,274.0
1610612750,Minnesota Timberwolves,1629633,Jarrett Culver,9.2,1.7,3.4,0.08,0.07,0.08,5.1,4.6,4.7,-6.25,8.239948129895945,275.0
1610612742,Dallas Mavericks,1626161,Willie Cauley-Stein,7.2,1.3,5.8,0.07,0.05,0.13,3.7,2.8,7.2,-5.5,8.188489886927867,276.0
1610612739,Cleveland Cavaliers,1629645,Kevin Porter Jr.,10.0,2.2,3.2,0.09,0.1,0.07,4.6,4.8,3.7,-5.0,8.136919215455926,277.0
1610612737,Atlanta Hawks,1629629,Cam Reddish,10.5,1.5,3.7,0.09,0.06,0.08,5.4,3.6,4.9,-6.0,7.985183297125605,278.0
1610612742,Dallas Mavericks,200826,J.J. Barea,7.7,3.9,1.8,0.07,0.16,0.04,1.9,4.6,1.2,0.25,7.93381464151095,279.0
1610612765,Detroit Pistons,204038,Langston Galloway,10.3,1.5,2.3,0.1,0.07,0.05,6.4,4.3,3.6,-6.5,7.845028983454235,280.0
1610612758,Sacramento Kings,203953,Jabari Parker,14.0,1.8,5.6,0.13,0.07,0.13,4.9,2.8,5.1,-5.0,7.7530857595948905,281.0
1610612757,Portland Trail Blazers,1626209,Mario Hezonja,4.8,0.9,3.5,0.04,0.05,0.08,2.2,2.6,4.1,-1.25,7.728270673208802,282.0
1610612764,Washington Wizards,101133,Ian Mahinmi,7.4,1.3,5.7,0.06,0.05,0.14,2.4,2.0,5.1,-2.0,7.617417392008847,283.0
1610612760,Oklahoma City Thunder,203488,Mike Muscala,4.8,0.9,2.3,0.04,0.04,0.05,2.0,1.8,2.5,1.25,7.55914049646955,284.0
1610612748,Miami Heat,1629735,Chris Silva,3.0,0.5,2.9,0.03,0.02,0.06,1.2,1.0,2.8,2.5,7.5316764348841145,285.0
1610612746,LA Clippers,1629611,Terance Mann,2.4,1.3,1.3,0.02,0.06,0.03,0.8,2.3,1.1,3.25,7.4819442172310975,286.0
1610612738,Boston Celtics,1629057,Robert Williams III,5.2,0.9,4.4,0.04,0.04,0.1,1.3,1.1,2.8,2.25,7.448612074924878,287.0
1610612759,San Antonio Spurs,201158,Marco Belinelli,6.3,1.2,1.7,0.06,0.05,0.04,3.2,2.8,2.2,-0.75,7.407653166818368,288.0
1610612745,Houston Rockets,200757,Thabo Sefolosha,2.2,0.6,2.3,0.02,0.03,0.05,0.8,1.2,2.1,3.25,7.320025487835508,289.0
1610612754,Indiana Pacers,203506,Victor Oladipo,14.5,2.9,3.9,0.13,0.12,0.09,2.5,2.3,1.8,0.75,7.31777968715877,290.0
1610612754,Indiana Pacers,1629048,Goga Bitadze,3.2,0.4,2.0,0.03,0.02,0.04,1.6,0.8,2.3,2.5,7.288878413251177,291.0
1610612765,Detroit Pistons,203895,Jordan McRae,11.5,2.5,3.4,0.1,0.1,0.08,3.9,3.6,3.0,-3.25,7.231370174521032,292.0
1610612755,Philadelphia 76ers,203124,Kyle O'Quinn,3.5,1.8,4.0,0.03,0.06,0.09,0.9,1.8,2.6,1.75,7.1005048599681,293.0
1610612742,Dallas Mavericks,1626246,Boban Marjanovic,6.6,0.5,4.5,0.06,0.02,0.09,2.5,0.9,4.2,-0.5,7.014471659467522,294.0
1610612750,Minnesota Timberwolves,201949,James Johnson,8.4,2.3,3.7,0.07,0.09,0.09,2.2,2.9,2.8,-1.0,6.9360352936151894,295.0
1610612764,Washington Wizards,1629021,Moritz Wagner,8.7,1.2,4.9,0.08,0.05,0.11,3.4,2.1,5.2,-3.75,6.91571201535359,296.0
1610612753,Orlando Magic,1628411,Wes Iwundu,5.8,1.2,2.5,0.05,0.05,0.06,2.8,2.7,3.0,-1.5,6.890360146350998,297.0
1610612743,Denver Nuggets,1628408,PJ Dozier,5.8,2.2,1.9,0.05,0.08,0.04,1.5,2.3,1.3,1.75,6.7543103988951625,298.0
1610612752,New York Knicks,201959,Taj Gibson,6.1,0.8,4.3,0.06,0.04,0.09,3.6,2.4,5.8,-5.0,6.728783232569749,299.0
1610612753,Orlando Magic,203920,Khem Birch,4.4,1.0,4.6,0.04,0.05,0.1,2.0,2.2,5.0,-2.5,6.672080299139376,300.0
1610612765,Detroit Pistons,203503,Tony Snell,8.0,2.2,1.9,0.07,0.09,0.05,4.4,5.3,2.7,-5.75,6.650485730059406,301.0
1610612737,Atlanta Hawks,203473,Dewayne Dedmon,5.8,0.5,5.7,0.05,0.02,0.13,2.3,0.9,5.9,-2.5,6.606807892789014,302.0
1610612747,Los Angeles Lakers,201162,Jared Dudley,1.5,0.6,1.2,0.01,0.02,0.02,0.6,1.1,1.1,3.75,6.540696176302334,303.0
1610612765,Detroit Pistons,201933,Blake Griffin,15.5,3.3,4.7,0.14,0.13,0.11,2.5,2.4,2.0,-0.5,6.378203395385319,304.0
1610612738,Boston Celtics,1629035,Carsen Edwards,3.3,0.6,1.3,0.03,0.03,0.03,1.0,1.0,1.0,3.25,6.322631177672723,305.0
1610612756,Phoenix Suns,1629059,Elie Okobo,4.0,2.1,1.6,0.04,0.08,0.04,2.0,4.5,2.1,-2.25,6.275911338053969,306.0
1610612754,Indiana Pacers,203960,JaKarr Sampson,4.6,0.6,2.6,0.04,0.02,0.06,1.4,0.8,2.0,2.0,6.253877658811176,307.0
1610612757,Portland Trail Blazers,1627746,Skal Labissiere,5.8,1.3,5.1,0.05,0.06,0.11,1.7,2.1,3.6,-1.25,6.163565680355991,308.0
1610612761,Toronto Raptors,1626259,Malcolm Miller,1.2,0.4,0.6,0.01,0.02,0.01,0.3,0.5,0.3,5.0,6.05425508538227,309.0
1610612766,Charlotte Hornets,1628998,Cody Martin,5.0,2.0,3.3,0.05,0.08,0.08,2.4,3.9,3.7,-4.0,6.0357409405767255,310.0
1610612745,Houston Rockets,1628392,Isaiah Hartenstein,4.7,0.8,3.9,0.04,0.04,0.09,0.9,0.9,2.0,2.25,5.939055580910235,311.0
1610612765,Detroit Pistons,1629004,Svi Mykhailiuk,9.0,1.9,1.9,0.08,0.08,0.04,4.7,4.2,2.5,-5.5,5.913928506733567,312.0
1610612742,Dallas Mavericks,203504,Trey Burke,7.4,2.5,1.5,0.06,0.09,0.03,2.1,3.0,1.1,-0.25,5.895626700777372,313.0
1610612751,Brooklyn Nets,201163,Wilson Chandler,5.9,1.1,4.1,0.05,0.05,0.09,1.9,1.6,3.0,-0.75,5.772545509324082,314.0
1610612749,Milwaukee Bucks,101107,Marvin Williams,5.9,1.0,3.2,0.06,0.04,0.07,3.2,2.4,4.1,-4.0,5.760148055183217,315.0
1610612764,Washington Wizards,1629067,Isaac Bonga,5.0,1.2,3.4,0.04,0.05,0.08,3.0,3.1,5.2,-5.5,5.717124891967799,316.0
1610612751,Brooklyn Nets,1629185,Chris Chiozza,5.1,3.0,1.9,0.05,0.11,0.04,1.3,3.2,1.2,0.0,5.616153203754405,317.0
1610612740,New Orleans Pelicans,1628402,Frank Jackson,6.3,1.0,1.4,0.05,0.04,0.03,3.1,2.3,1.8,-1.75,5.514681586859081,318.0
1610612753,Orlando Magic,1629109,Gary Clark,3.7,0.4,2.6,0.03,0.02,0.06,1.4,0.7,2.4,1.0,5.509939950556497,319.0
1610612740,New Orleans Pelicans,1629638,Nickeil Alexander-Walker,5.7,1.9,1.8,0.05,0.07,0.04,2.4,3.4,1.9,-2.25,5.405053966297715,320.0
1610612748,Miami Heat,1626159,Justise Winslow,11.3,4.0,6.6,0.1,0.18,0.14,1.1,2.0,1.5,0.75,5.369596875400418,321.0
1610612763,Memphis Grizzlies,201229,Anthony Tolliver,3.6,0.8,2.8,0.03,0.04,0.06,1.8,2.0,3.4,-1.75,5.3637327602016285,322.0
1610612763,Memphis Grizzlies,1628960,Grayson Allen,8.7,1.4,2.2,0.08,0.05,0.05,3.0,2.0,1.9,-1.5,5.338877726869952,323.0
1610612751,Brooklyn Nets,1627789,Timothe Luwawu-Cabarrot,7.8,0.6,2.7,0.07,0.02,0.06,3.3,1.2,2.7,-1.75,5.335577126381763,324.0
1610612751,Brooklyn Nets,1629058,Dzanan Musa,4.8,1.1,2.2,0.04,0.04,0.05,1.8,1.7,1.9,0.0,5.317693231699002,325.0
1610612741,Chicago Bulls,1627853,Ryan Arcidiacono,4.5,1.7,1.9,0.04,0.07,0.05,2.5,4.2,2.6,-4.0,5.289860259698826,326.0
1610612761,Toronto Raptors,1626169,Stanley Johnson,2.4,0.8,1.5,0.02,0.03,0.03,0.5,0.8,0.7,3.25,5.2814739650203055,327.0
1610612757,Portland Trail Blazers,203994,Jusuf Nurkic,17.6,4.0,10.2,0.14,0.16,0.23,1.1,1.3,1.8,1.0,5.261707195130192,328.0
1610612738,Boston Celtics,1629641,Romeo Langford,2.5,0.4,1.3,0.02,0.02,0.03,0.7,0.6,0.9,3.0,5.181642136025362,329.0
1610612738,Boston Celtics,1629738,Vincent Poirier,1.9,0.4,2.0,0.02,0.01,0.04,0.4,0.3,1.0,3.5,5.100497762425792,330.0
1610612739,Cleveland Cavaliers,203521,Matthew Dellavedova,3.1,3.2,1.3,0.03,0.13,0.03,1.7,7.5,1.7,-5.75,5.098290855302797,331.0
1610612751,Brooklyn Nets,204020,Tyler Johnson,7.0,1.9,1.9,0.06,0.07,0.04,2.4,2.7,1.7,-1.75,5.060104507767816,332.0
1610612752,New York Knicks,1628995,Kevin Knox II,6.4,0.9,2.8,0.06,0.04,0.06,3.9,2.8,4.0,-5.75,4.997710277118592,333.0
1610612754,Indiana Pacers,1628410,Edmond Sumner,4.9,1.8,1.5,0.05,0.07,0.03,1.4,2.2,1.1,0.25,4.891408094496932,334.0
1610612744,Golden State Warriors,1629065,Ky Bowman,7.4,2.9,2.7,0.07,0.12,0.06,3.3,5.2,2.9,-6.75,4.719853288839186,335.0
1610612744,Golden State Warriors,1629673,Jordan Poole,8.8,2.4,2.1,0.08,0.09,0.05,4.8,5.4,2.8,-8.25,4.680318444453963,336.0
1610612745,Houston Rockets,1629598,Chris Clemons,4.9,0.8,0.9,0.04,0.03,0.02,1.4,1.1,0.7,1.25,4.548260654379467,337.0
1610612744,Golden State Warriors,1627733,Dragan Bender,6.7,1.8,4.6,0.06,0.06,0.1,0.9,1.0,1.6,1.0,4.534758986602684,338.0
1610612759,San Antonio Spurs,1629234,Drew Eubanks,4.9,0.7,3.9,0.04,0.03,0.09,0.9,0.6,2.0,1.0,4.520699261911032,339.0
1610612760,Oklahoma City Thunder,1629126,Deonte Burton,2.7,0.4,1.5,0.03,0.02,0.03,1.0,0.9,1.4,1.25,4.4884189593232975,340.0
1610612749,Milwaukee Bucks,203648,Thanasis Antetokounmpo,2.8,0.8,1.2,0.02,0.03,0.02,0.5,0.6,0.4,3.0,4.484810121978413,341.0
1610612762,Utah Jazz,202334,Ed Davis,1.8,0.4,3.8,0.02,0.02,0.08,0.5,0.5,2.4,1.0,4.351256465000072,342.0
1610612748,Miami Heat,2738,Andre Iguodala,4.6,2.4,3.7,0.04,0.09,0.09,0.9,1.8,1.9,-0.25,4.304131267208895,343.0
1610612764,Washington Wizards,1627780,Gary Payton II,3.9,1.7,2.8,0.04,0.08,0.06,1.0,2.2,1.8,-0.75,4.251725598961027,344.0
1610612756,Phoenix Suns,1626166,Cameron Payne,10.9,3.0,3.9,0.09,0.11,0.08,0.7,0.9,0.7,2.0,4.236561510420087,345.0
1610612757,Portland Trail Blazers,1628380,Zach Collins,7.0,1.5,6.3,0.06,0.06,0.14,0.6,0.7,1.6,1.25,4.17448024322968,346.0
1610612756,Phoenix Suns,1627767,Cheick Diallo,4.7,0.5,2.8,0.04,0.02,0.07,1.9,0.8,3.1,-1.75,4.116703095294952,347.0
1610612751,Brooklyn Nets,1629066,Rodions Kurucs,4.6,1.1,2.9,0.04,0.04,0.06,1.9,2.1,2.8,-2.75,4.112364077637287,348.0
1610612737,Atlanta Hawks,1626203,Treveon Graham,4.4,0.8,2.7,0.04,0.03,0.06,2.2,1.9,3.3,-3.25,4.081870346576477,349.0
1610612763,Memphis Grizzlies,1628367,Josh Jackson,9.0,1.6,3.0,0.08,0.06,0.06,1.8,1.4,1.4,-0.5,4.030819427954,350.0
1610612750,Minnesota Timberwolves,1629162,Jordan McLaughlin,7.6,4.2,1.6,0.06,0.16,0.04,1.9,4.9,1.1,-4.0,3.973500330395308,351.0
1610612757,Portland Trail Blazers,1629642,Nassir Little,3.6,0.5,2.2,0.03,0.02,0.05,1.5,1.1,2.4,-1.0,3.966121707432222,352.0
1610612756,Phoenix Suns,1629660,Ty Jerome,3.3,1.4,1.5,0.03,0.05,0.04,0.9,1.6,1.1,0.25,3.8950981403912186,353.0
1610612761,Toronto Raptors,1629052,Oshae Brissett,1.9,0.4,1.4,0.02,0.01,0.03,0.3,0.3,0.5,2.75,3.8724510192871002,354.0
1610612744,Golden State Warriors,1629016,Omari Spellman,7.6,1.0,4.5,0.07,0.04,0.1,3.6,2.0,5.0,-6.75,3.857126542996234,355.0
1610612737,Atlanta Hawks,1628981,Bruno Fernando,4.3,0.9,3.5,0.04,0.04,0.08,2.1,2.1,4.6,-5.0,3.856862903338489,356.0
1610612737,Atlanta Hawks,1629164,Brandon Goodwin,6.1,1.5,2.1,0.06,0.07,0.05,1.9,2.3,1.7,-2.0,3.835971157930926,357.0
1610612740,New Orleans Pelicans,1629026,Kenrich Williams,3.5,1.5,4.8,0.03,0.06,0.11,1.2,2.2,4.2,-3.75,3.8280021529137995,358.0
1610612757,Portland Trail Blazers,203918,Rodney Hood,11.0,1.5,3.4,0.1,0.07,0.08,2.0,1.4,1.6,-1.25,3.788883363683599,359.0
1610612751,Brooklyn Nets,1629033,Theo Pinson,3.6,1.7,1.6,0.03,0.07,0.03,1.1,2.3,1.1,-0.75,3.768533076525678,360.0
1610612737,Atlanta Hawks,1627761,DeAndre' Bembry,5.8,1.9,3.5,0.06,0.08,0.08,2.4,3.5,3.6,-5.75,3.7674929901830567,361.0
1610612754,Indiana Pacers,1628388,T.J. Leaf,3.0,0.3,2.5,0.03,0.01,0.06,0.8,0.3,1.6,1.0,3.716306753448383,362.0
1610612758,Sacramento Kings,1627812,Yogi Ferrell,4.4,1.4,1.0,0.04,0.06,0.02,2.0,3.0,1.2,-2.5,3.6516117052166064,363.0
1610612757,Portland Trail Blazers,1628403,Caleb Swanigan,2.4,1.1,3.7,0.02,0.05,0.09,0.6,1.5,2.3,-0.75,3.609457319904653,364.0
1610612765,Detroit Pistons,1627748,Thon Maker,4.7,0.7,2.8,0.04,0.03,0.07,2.7,1.8,4.1,-5.0,3.5920163242598315,365.0
1610612742,Dallas Mavericks,201584,Courtney Lee,4.5,0.5,1.3,0.04,0.02,0.03,0.9,0.5,0.7,1.5,3.5287394345330987,366.0
1610612766,Charlotte Hornets,201587,Nicolas Batum,3.6,3.0,4.5,0.04,0.12,0.11,0.8,2.7,2.5,-2.5,3.516183064802228,367.0
1610612740,New Orleans Pelicans,1626143,Jahlil Okafor,8.1,1.2,4.2,0.07,0.05,0.09,2.2,1.6,2.8,-3.0,3.485513909266961,368.0
1610612750,Minnesota Timberwolves,1627774,Jake Layman,9.1,0.7,2.5,0.08,0.03,0.05,1.8,0.6,1.3,-0.25,3.4117791976997007,369.0
1610612763,Memphis Grizzlies,1629741,Marko Guduric,3.9,1.0,1.7,0.04,0.04,0.04,1.6,1.7,1.7,-1.5,3.392392605927933,370.0
1610612765,Detroit Pistons,204025,Tim Frazier,3.6,3.4,1.2,0.03,0.14,0.03,0.9,3.8,0.8,-2.25,3.252114344884667,371.0
1610612750,Minnesota Timberwolves,1629103,Kelan Martin,6.4,0.7,3.1,0.06,0.03,0.07,1.8,1.0,2.1,-1.75,3.1668308982965154,372.0
1610612752,New York Knicks,1628372,Dennis Smith Jr.,5.5,2.9,2.3,0.05,0.14,0.05,1.8,4.6,1.7,-5.0,3.0849479508527873,373.0
1610612745,Houston Rockets,2199,Tyson Chandler,1.3,0.2,2.5,0.01,0.01,0.05,0.3,0.4,1.4,1.0,3.0796223515293257,374.0
1610612750,Minnesota Timberwolves,1629675,Naz Reid,9.0,1.2,4.1,0.08,0.05,0.09,2.4,1.4,2.8,-3.5,3.0692983274941947,375.0
1610612765,Detroit Pistons,1628476,Derrick Walton Jr.,2.0,1.0,0.6,0.02,0.05,0.01,0.5,1.2,0.3,1.0,3.0323491459825354,376.0
1610612737,Atlanta Hawks,1627745,Damian Jones,5.6,0.6,3.7,0.05,0.03,0.09,2.8,1.5,4.9,-6.25,2.9612760064742867,377.0
1610612741,Chicago Bulls,1627756,Denzel Valentine,6.8,1.2,2.1,0.07,0.05,0.05,2.3,1.8,1.8,-3.0,2.9221532246006507,378.0
1610612751,Brooklyn Nets,202697,Iman Shumpert,4.2,0.9,2.6,0.04,0.03,0.06,0.5,0.4,0.7,1.25,2.922131362821887,379.0
1610612759,San Antonio Spurs,1629640,Keldon Johnson,9.1,0.9,3.4,0.08,0.03,0.07,1.3,0.6,1.3,-0.25,2.870497123573363,380.0
1610612741,Chicago Bulls,1628990,Chandler Hutchison,7.8,0.9,3.9,0.07,0.04,0.09,2.1,1.1,2.6,-3.0,2.818635275438322,381.0
1610612752,New York Knicks,203493,Reggie Bullock,8.1,1.4,2.3,0.07,0.07,0.05,2.2,1.9,1.5,-2.75,2.810589413724563,382.0
1610612749,Milwaukee Bucks,1628412,Frank Mason,6.9,3.2,2.1,0.06,0.12,0.04,0.5,1.1,0.4,0.75,2.7709782540468386,383.0
1610612752,New York Knicks,1628422,Damyean Dotson,6.7,1.2,1.9,0.06,0.06,0.04,3.1,2.7,2.0,-5.0,2.7472560160351094,384.0
1610612741,Chicago Bulls,203490,Otto Porter Jr.,11.9,1.8,3.4,0.11,0.07,0.08,1.6,1.0,1.2,-1.0,2.736102187034291,385.0
1610612743,Denver Nuggets,203943,Noah Vonleh,3.7,0.8,3.4,0.03,0.03,0.08,1.2,1.3,2.8,-2.5,2.709403168545847,386.0
1610612738,Boston Celtics,1629682,Tremont Waters,3.6,1.5,1.1,0.03,0.07,0.02,0.4,0.8,0.3,1.25,2.6712536191733687,387.0
1610612753,Orlando Magic,202329,Al-Farouq Aminu,4.3,1.2,4.8,0.04,0.05,0.11,0.8,1.0,1.9,-1.0,2.6684292063199395,388.0
1610612742,Dallas Mavericks,1629151,Ryan Broekhoff,4.2,0.6,2.5,0.04,0.02,0.05,0.6,0.4,0.9,0.75,2.655736757515067,389.0
1610612742,Dallas Mavericks,203077,Michael Kidd-Gilchrist,2.4,0.6,2.7,0.02,0.03,0.06,0.6,0.6,1.5,-0.25,2.445346879202791,390.0
1610612764,Washington Wizards,1628394,Anzejs Pasecniks,5.8,0.7,4.0,0.05,0.03,0.09,1.4,0.8,2.4,-2.25,2.4273793626785958,391.0
1610612755,Philadelphia 76ers,203658,Norvel Pelle,2.4,0.3,3.0,0.02,0.01,0.07,0.5,0.3,1.6,0.0,2.4143526262034376,392.0
1610612766,Charlotte Hornets,1629667,Jalen McDaniels,5.6,0.8,4.1,0.05,0.03,0.09,0.9,0.6,1.5,-0.5,2.4104524345865146,393.0
1610612746,LA Clippers,1629599,Amir Coffey,3.2,0.8,0.9,0.03,0.03,0.02,0.5,0.6,0.3,1.0,2.394617925972774,394.0
1610612765,Detroit Pistons,203089,John Henson,5.5,1.4,4.0,0.05,0.06,0.09,2.2,2.4,3.8,-6.0,2.345344749543914,395.0
1610612754,Indiana Pacers,1628993,Alize Johnson,2.0,0.4,2.8,0.02,0.02,0.06,0.3,0.3,1.0,0.75,2.326504196586373,396.0
1610612741,Chicago Bulls,1627885,Shaquille Harrison,4.9,1.1,2.0,0.05,0.05,0.05,2.0,2.0,2.1,-3.75,2.317342182810192,397.0
1610612741,Chicago Bulls,1629655,Daniel Gafford,5.1,0.5,2.5,0.05,0.02,0.06,2.1,0.9,2.5,-3.25,2.2802368199009067,398.0
1610612751,Brooklyn Nets,1629725,Jeremiah Martin,7.1,2.0,1.1,0.06,0.08,0.03,0.6,0.7,0.2,0.75,2.227739334447332,399.0
1610612745,Houston Rockets,201960,DeMarre Carroll,3.6,1.0,2.3,0.03,0.05,0.05,0.8,1.1,1.3,-1.0,2.219968176339584,400.0
1610612762,Utah Jazz,1629730,Rayjon Tucker,3.1,0.2,1.0,0.03,0.01,0.02,0.5,0.2,0.5,1.0,2.1846329685105177,401.0
1610612746,LA Clippers,1629662,Mfiondu Kabengele,3.5,0.2,0.9,0.03,0.01,0.02,0.3,0.1,0.2,1.5,2.1512248053098344,402.0
1610612737,Atlanta Hawks,1713,Vince Carter,5.0,0.8,2.1,0.04,0.03,0.05,2.7,2.0,2.9,-5.5,2.1492691959653416,403.0
1610612758,Sacramento Kings,1628963,Marvin Bagley III,14.2,0.8,7.5,0.14,0.03,0.17,1.8,0.4,2.2,-2.25,2.1426278162354437,404.0
1610612763,Memphis Grizzlies,1629723,John Konchar,2.8,1.2,2.5,0.03,0.05,0.05,0.5,0.9,0.9,-0.25,2.093070486323703,405.0
1610612766,Charlotte Hornets,1626195,Willy Hernangomez,6.1,0.9,4.3,0.06,0.04,0.1,1.9,1.2,3.1,-4.25,2.0658341462089216,406.0
1610612761,Toronto Raptors,1629608,Dewan Hernandez,2.3,0.5,2.3,0.02,0.02,0.05,0.1,0.1,0.3,1.5,2.00368381512423,407.0
1610612762,Utah Jazz,1629752,Juwan Morgan,1.7,0.3,1.4,0.02,0.01,0.03,0.3,0.3,0.6,0.75,1.9738255205851156,408.0
1610612764,Washington Wizards,1629140,Johnathan Williams,3.0,0.5,4.3,0.03,0.03,0.09,0.4,0.4,1.4,-0.25,1.9736685156401248,409.0
1610612741,Chicago Bulls,1628436,Luke Kornet,6.0,0.9,2.3,0.06,0.04,0.06,2.0,1.4,2.1,-3.5,1.9494318557800023,410.0
1610612744,Golden State Warriors,201939,Stephen Curry,20.8,6.6,5.2,0.18,0.24,0.12,0.9,1.2,0.6,-0.75,1.94456820456989,411.0
1610612747,Los Angeles Lakers,203079,Dion Waiters,11.1,2.0,2.4,0.11,0.08,0.05,1.1,0.8,0.5,-0.5,1.9349318769725516,412.0
1610612766,Charlotte Hornets,1628407,Dwayne Bacon,5.7,1.3,2.6,0.06,0.06,0.06,2.2,2.2,2.3,-4.75,1.9276588474682859,413.0
1610612761,Toronto Raptors,1628778,Paul Watson,3.1,0.8,1.7,0.03,0.03,0.03,0.3,0.3,0.3,1.0,1.9114834062958748,414.0
1610612765,Detroit Pistons,202688,Brandon Knight,7.3,2.8,1.6,0.07,0.12,0.04,1.7,3.0,1.0,-4.25,1.579459654018472,415.0
1610612756,Phoenix Suns,1628413,Jonah Bolden,1.4,0.0,1.3,0.01,0.0,0.03,0.1,0.0,0.2,1.25,1.557291872457632,416.0
1610612741,Chicago Bulls,1626245,Cristiano Felicio,3.9,0.7,4.6,0.04,0.03,0.12,0.8,0.7,2.6,-2.5,1.5544750443626745,417.0
1610612746,LA Clippers,201149,Joakim Noah,2.8,1.4,3.2,0.03,0.06,0.07,0.1,0.3,0.3,0.75,1.5327018106335017,418.0
1610612757,Portland Trail Blazers,1629658,Jaylen Hoard,2.9,0.3,2.5,0.03,0.02,0.05,0.3,0.2,0.7,0.25,1.522450429605291,419.0
1610612746,LA Clippers,1628405,Johnathan Motley,2.2,0.6,0.8,0.02,0.02,0.02,0.2,0.3,0.2,0.75,1.5192402872036086,420.0
1610612751,Brooklyn Nets,1626147,Justin Anderson,2.8,0.8,2.1,0.02,0.03,0.05,0.2,0.3,0.5,0.5,1.509540992979346,421.0
1610612764,Washington Wizards,1629726,Garrison Mathews,5.4,0.6,1.3,0.05,0.03,0.03,0.9,0.5,0.6,-0.5,1.3907257430864837,422.0
1610612765,Detroit Pistons,1629635,Sekou Doumbouya,6.4,0.5,3.1,0.06,0.02,0.07,2.3,0.8,2.8,-4.5,1.3766549882269095,423.0
1610612766,Charlotte Hornets,1628997,Caleb Martin,6.2,1.3,2.1,0.06,0.05,0.05,1.0,1.0,0.8,-1.5,1.347072326625864,424.0
1610612738,Boston Celtics,1629605,Tacko Fall,3.3,0.1,2.1,0.03,0.01,0.05,0.2,0.0,0.3,0.75,1.3228649783449231,425.0
1610612760,Oklahoma City Thunder,1628985,Devon Hall,1.8,1.2,0.6,0.02,0.06,0.02,0.2,0.7,0.2,0.25,1.2961022912245148,426.0
1610612744,Golden State Warriors,1628539,Mychal Mulder,11.0,1.1,3.3,0.1,0.04,0.08,0.7,0.3,0.6,-0.25,1.2516952806767179,427.0
1610612751,Brooklyn Nets,1629743,Donta Hall,4.3,0.4,4.2,0.04,0.02,0.11,0.3,0.2,1.0,-0.25,1.2391442637262604,428.0
1610612751,Brooklyn Nets,1628021,David Nwaba,5.2,0.4,2.2,0.05,0.02,0.05,1.0,0.4,0.9,-1.0,1.2310334568290613,429.0
1610612754,Indiana Pacers,1628968,Brian Bowen II,1.0,0.0,1.2,0.01,0.0,0.02,0.1,0.0,0.1,1.0,1.1943626905322393,430.0
1610612761,Toronto Raptors,1629044,Shamorie Ponds,2.2,0.5,0.2,0.02,0.02,0.0,0.1,0.1,0.0,1.0,1.1706349206349207,431.0
1610612759,San Antonio Spurs,1629002,Chimezie Metu,3.2,0.6,1.8,0.03,0.02,0.04,0.5,0.4,0.7,-0.5,1.1416092080863414,432.0
1610612744,Golden State Warriors,1629308,Juan Toscano-Anderson,5.3,2.0,4.0,0.05,0.07,0.1,0.7,1.0,1.3,-1.75,1.1236202599061524,433.0
1610612748,Miami Heat,1629133,Daryl Macon,0.8,0.2,0.0,0.01,0.01,0.0,0.0,0.0,0.0,1.0,1.0656410256410256,434.0
1610612744,Golden State Warriors,1626172,Kevon Looney,3.4,1.0,3.3,0.03,0.04,0.08,0.7,0.8,1.6,-2.0,1.0583907097962353,435.0
1610612748,Miami Heat,2617,Udonis Haslem,3.0,0.2,4.0,0.03,0.01,0.1,0.1,0.0,0.4,0.5,1.0562130668251706,436.0
1610612751,Brooklyn Nets,1629651,Nicolas Claxton,4.4,1.1,2.9,0.04,0.04,0.07,0.6,0.7,1.0,-1.25,1.0058371916941478,437.0
1610612762,Utah Jazz,1628430,Nigel Williams-Goss,1.4,0.6,0.6,0.01,0.03,0.01,0.1,0.3,0.1,0.5,1.0046993863262212,438.0
1610612751,Brooklyn Nets,202498,Lance Thomas,3.4,0.9,1.9,0.03,0.03,0.04,0.2,0.2,0.3,0.25,1.0021687743603633,439.0
1610612739,Cleveland Cavaliers,203957,Dante Exum,4.5,1.1,1.9,0.04,0.05,0.04,1.5,1.7,1.5,-3.75,1.0012216203540003,440.0
1610612763,Memphis Grizzlies,1629139,Yuta Watanabe,2.0,0.3,1.1,0.02,0.01,0.02,0.3,0.2,0.4,0.0,0.9356458533215747,441.0
1610612754,Indiana Pacers,1628513,Naz Mitrou-Long,2.8,1.6,1.4,0.03,0.07,0.03,0.1,0.4,0.1,0.25,0.8600830041231807,442.0
1610612762,Utah Jazz,1629671,Miye Oni,3.5,0.4,1.7,0.03,0.01,0.04,0.3,0.1,0.4,0.0,0.8385254875012345,443.0
1610612748,Miami Heat,1629216,Gabe Vincent,2.4,0.7,0.6,0.02,0.03,0.01,0.2,0.2,0.1,0.25,0.8062763974195897,444.0
1610612745,Houston Rockets,1626187,Michael Frazier II,2.1,0.2,0.8,0.02,0.01,0.02,0.2,0.1,0.2,0.25,0.806191130562371,445.0
1610612753,Orlando Magic,1629168,BJ Johnson,3.0,0.3,1.5,0.03,0.02,0.03,0.3,0.2,0.3,0.0,0.7672295555248074,446.0
1610612764,Washington Wizards,101139,CJ Miles,6.4,1.2,1.2,0.06,0.04,0.03,0.6,0.4,0.3,-0.5,0.7455059329076787,447.0
1610612760,Oklahoma City Thunder,203460,Andre Roberson,2.9,0.6,3.9,0.03,0.03,0.09,0.2,0.2,0.6,-0.25,0.7428105568376965,448.0
1610612745,Houston Rockets,203998,Bruno Caboclo,3.0,0.4,2.0,0.03,0.02,0.05,0.8,0.5,1.4,-2.0,0.7299773598591106,449.0
1610612752,New York Knicks,201961,Wayne Ellington,5.1,1.2,1.8,0.05,0.06,0.04,1.7,2.1,1.4,-4.5,0.7293400025358119,450.0
1610612752,New York Knicks,1628443,Kadeem Allen,5.0,2.1,0.9,0.05,0.1,0.02,0.5,1.0,0.2,-1.0,0.685009085217541,451.0
1610612750,Minnesota Timberwolves,1629020,Jarred Vanderbilt,1.1,0.2,0.8,0.01,0.01,0.02,0.1,0.1,0.2,0.25,0.6292447896438331,452.0
1610612762,Utah Jazz,1629742,Stanton Kidd,0.0,0.2,0.8,0.0,0.01,0.02,0.0,0.1,0.1,0.5,0.6223990208078335,453.0
1610612743,Denver Nuggets,1628966,Keita Bates-Diop,6.5,0.7,2.9,0.06,0.03,0.06,2.6,1.2,2.8,-6.0,0.5829296682959616,454.0
1610612742,Dallas Mavericks,1628499,Antonius Cleveland,1.0,0.1,0.6,0.01,0.01,0.02,0.1,0.1,0.2,0.25,0.578603353196448,455.0
1610612764,Washington Wizards,1627784,Jarrod Uthoff,2.7,0.0,0.9,0.03,0.0,0.02,0.2,0.0,0.1,0.25,0.5606861937933372,456.0
1610612744,Golden State Warriors,1626184,Chasson Randle,1.7,1.7,0.7,0.01,0.06,0.02,0.0,0.2,0.1,0.25,0.5368495725909255,457.0
1610612743,Denver Nuggets,1628427,Vlatko Cancar,1.2,0.2,0.7,0.01,0.01,0.02,0.2,0.1,0.2,0.0,0.4975294576835506,458.0
1610612747,Los Angeles Lakers,1628961,Kostas Antetokounmpo,1.4,0.4,0.6,0.01,0.02,0.01,0.1,0.1,0.1,0.25,0.4612451505906156,459.0
1610612740,New Orleans Pelicans,1629597,Zylan Cheatham,3.0,0.8,2.2,0.03,0.03,0.06,0.1,0.1,0.2,0.0,0.4547283274338654,460.0
1610612759,San Antonio Spurs,1629683,Quinndary Weatherspoon,1.1,1.0,0.6,0.01,0.04,0.02,0.1,0.4,0.2,-0.25,0.4502277489377249,461.0
1610612739,Cleveland Cavaliers,1628035,Alfonzo McKinnie,4.6,0.4,2.8,0.04,0.02,0.06,1.7,0.6,2.6,-4.5,0.4164104571398739,462.0
1610612751,Brooklyn Nets,2037,Jamal Crawford,5.0,3.0,0.0,0.04,0.1,0.0,0.0,0.1,0.0,0.25,0.39201680672268907,463.0
1610612758,Sacramento Kings,1629713,Justin James,2.5,0.5,0.9,0.02,0.02,0.02,0.9,0.7,0.8,-2.0,0.38262039469925724,464.0
1610612762,Utah Jazz,1629714,Jarrell Brantley,2.7,1.2,2.2,0.02,0.05,0.05,0.2,0.4,0.5,-0.75,0.3675655348612137,465.0
1610612759,San Antonio Spurs,1629677,Luka Samanic,5.3,2.0,3.3,0.05,0.08,0.07,0.1,0.2,0.2,-0.25,0.3607506632528934,466.0
1610612758,Sacramento Kings,1629657,Kyle Guy,1.3,0.3,0.3,0.01,0.01,0.01,0.0,0.0,0.0,0.25,0.33486834537254706,467.0
1610612745,Houston Rockets,201583,Ryan Anderson,2.5,1.0,3.5,0.02,0.05,0.09,0.0,0.1,0.2,0.0,0.32475309199241664,468.0
1610612743,Denver Nuggets,1629626,Bol Bol,5.7,0.9,2.7,0.05,0.03,0.07,0.4,0.2,0.5,-0.75,0.3035694975725534,469.0
1610612760,Oklahoma City Thunder,1629676,Isaiah Roby,0.0,0.0,0.7,0.0,0.0,0.02,0.0,0.0,0.0,0.25,0.2962962962962963,470.0
1610612755,Philadelphia 76ers,1629621,Marial Shayok,2.8,0.2,1.8,0.02,0.01,0.04,0.1,0.0,0.1,0.0,0.26299043403235645,471.0
1610612742,Dallas Mavericks,1629729,Josh Reaves,2.0,0.8,0.8,0.02,0.03,0.02,0.1,0.1,0.1,0.0,0.25137423999533953,472.0
1610612739,Cleveland Cavaliers,1629122,J.P. Macura,0.0,0.0,0.0,0.0,0.0,0.0,0.0,0.0,0.0,0.25,0.25,473.0
1610612750,Minnesota Timberwolves,1628980,Jacob Evans,4.4,1.1,1.4,0.04,0.05,0.03,1.2,1.3,0.9,-3.25,0.24662620154899445,474.0
1610612747,Los Angeles Lakers,1629659,Talen Horton-Tucker,5.7,1.0,1.2,0.05,0.04,0.02,0.3,0.2,0.1,-0.5,0.20324668130174334,475.0
1610612757,Portland Trail Blazers,1629650,Moses Brown,1.2,0.1,1.6,0.01,0.01,0.03,0.1,0.0,0.3,-0.25,0.1915040561049685,476.0
1610612740,New Orleans Pelicans,1627982,Josh Gray,1.0,1.0,1.0,0.01,0.04,0.03,0.0,0.1,0.1,0.0,0.17093765231317082,477.0
1610612763,Memphis Grizzlies,1628395,Jordan Bell,3.2,0.6,2.8,0.03,0.03,0.06,0.8,0.7,1.8,-3.25,0.1522377244181389,478.0
1610612745,Houston Rockets,1629739,William Howard,0.0,0.5,1.0,0.0,0.03,0.03,0.0,0.1,0.1,0.0,0.1314655172413793,479.0
1610612744,Golden State Warriors,1629668,Zach Norvell Jr.,2.0,0.6,1.2,0.02,0.02,0.03,0.1,0.1,0.2,-0.25,0.11605233855383135,480.0
1610612759,San Antonio Spurs,203092,Tyler Zeller,1.0,0.0,2.0,0.01,0.0,0.05,0.0,0.0,0.1,0.0,0.1062937062937063,481.0
1610612758,Sacramento Kings,201147,Corey Brewer,1.0,0.4,1.6,0.01,0.01,0.04,0.0,0.1,0.2,-0.25,0.050011915516620625,482.0
1610612762,Utah Jazz,1629625,Justin Wright-Foreman,4.8,1.8,1.2,0.04,0.07,0.03,0.2,0.3,0.1,-0.5,0.04816048698287795,483.0
1610612760,Oklahoma City Thunder,1628383,Justin Patton,1.8,0.4,1.0,0.02,0.01,0.02,0.1,0.1,0.1,-0.25,0.012585165048704994,484.0
1610612753,Orlando Magic,203705,Josh Magette,1.5,0.6,0.8,0.01,0.03,0.02,0.1,0.3,0.1,-0.5,0.011926392098855071,485.0
1610612748,Miami Heat,1629644,KZ Okpala,1.4,0.2,1.0,0.01,0.01,0.02,0.1,0.0,0.1,-0.25,-0.01537006555199405,486.0
1610612756,Phoenix Suns,1629665,Jalen Lecque,2.0,0.4,0.4,0.02,0.02,0.01,0.1,0.1,0.0,-0.25,-0.025528462042758937,487.0
1610612755,Philadelphia 76ers,1629015,Zhaire Smith,1.1,0.3,0.3,0.01,0.01,0.01,0.1,0.1,0.0,-0.25,-0.0350684667751644,488.0
1610612758,Sacramento Kings,1628450,Eric Mika,6.0,0.0,7.0,0.05,0.0,0.16,0.1,0.0,0.2,-0.25,-0.03781174577634755,489.0
1610612747,Los Angeles Lakers,1629719,Devontae Cacok,6.0,1.0,5.0,0.05,0.03,0.11,0.0,0.0,0.1,-0.25,-0.05995393478705363,490.0
1610612751,Brooklyn Nets,1627740,Henry Ellenson,0.4,0.2,1.2,0.0,0.01,0.02,0.0,0.0,0.1,-0.25,-0.07860008071229832,491.0
1610612740,New Orleans Pelicans,1628414,Sindarius Thornwell,8.0,2.0,2.0,0.07,0.08,0.05,0.1,0.2,0.1,-0.5,-0.08881804755234979,492.0
1610612747,Los Angeles Lakers,2747,JR Smith,2.8,0.5,0.8,0.02,0.02,0.02,0.1,0.1,0.1,-0.5,-0.1205312846089849,493.0
1610612758,Sacramento Kings,1629610,DaQuan Jeffries,3.8,0.5,1.4,0.03,0.02,0.03,0.4,0.3,0.4,-1.25,-0.1311699166325243,494.0
1610612737,Atlanta Hawks,202323,Evan Turner,3.3,2.0,2.0,0.03,0.08,0.05,0.6,1.6,0.9,-3.25,-0.13940364181424797,495.0
1610612744,Golden State Warriors,202951,Jeremy Pargo,8.3,2.7,1.0,0.08,0.1,0.03,0.2,0.3,0.1,-0.75,-0.1419019016842308,496.0
1610612745,Houston Rockets,201601,Luc Mbah a Moute,1.7,0.0,0.7,0.02,0.0,0.02,0.0,0.0,0.1,-0.25,-0.14537575366063737,497.0
1610612739,Cleveland Cavaliers,1629716,Marques Bolden,0.0,0.0,2.0,0.0,0.0,0.04,0.0,0.0,0.0,-0.25,-0.20652173913043478,498.0
1610612764,Washington Wizards,1626170,Jerian Grant,4.5,1.5,1.0,0.04,0.07,0.02,0.3,0.4,0.1,-1.0,-0.21556252597831324,499.0
1610612757,Portland Trail Blazers,1629117,Wenyen Gabriel,2.1,0.3,1.7,0.02,0.01,0.04,0.6,0.4,1.3,-2.5,-0.22634619341268641,500.0
1610612739,Cleveland Cavaliers,1629005,Malik Newman,2.0,0.0,0.0,0.02,0.0,0.0,0.0,0.0,0.0,-0.25,-0.2282608695652174,501.0
1610612756,Phoenix Suns,1629607,Jared Harper,0.7,0.0,0.0,0.01,0.0,0.0,0.0,0.0,0.0,-0.25,-0.22938144329896906,502.0
1610612760,Oklahoma City Thunder,1628987,Kevin Hervey,1.7,0.5,1.2,0.02,0.02,0.03,0.2,0.2,0.3,-1.0,-0.29463070648117357,503.0
1610612765,Detroit Pistons,1629663,Louis King,2.0,0.5,1.0,0.02,0.02,0.03,0.2,0.2,0.3,-1.0,-0.32844691190808273,504.0
1610612763,Memphis Grizzlies,1628605,Dusty Hannahs,6.0,0.0,0.5,0.06,0.0,0.01,0.1,0.0,0.0,-0.5,-0.36511209294714453,505.0
1610612748,Miami Heat,1629734,Kyle Alexander,1.0,0.0,1.5,0.01,0.0,0.03,0.0,0.0,0.1,-0.5,-0.4109531772575251,506.0
1610612741,Chicago Bulls,1629622,Max Strus,2.5,0.0,0.5,0.02,0.0,0.01,0.0,0.0,0.0,-0.5,-0.4293134598012647,507.0
1610612766,Charlotte Hornets,1629147,Joe Chealey,0.5,0.2,0.0,0.0,0.01,0.0,0.0,0.0,0.0,-0.5,-0.4351279788172992,508.0
1610612753,Orlando Magic,1629724,Vic Law,1.9,0.4,1.4,0.02,0.02,0.03,0.1,0.2,0.3,-1.0,-0.4492049200983301,509.0
1610612765,Detroit Pistons,1629648,Jordan Bone,1.2,0.8,0.4,0.01,0.03,0.01,0.1,0.3,0.1,-1.0,-0.44932783899024425,510.0
1610612737,Atlanta Hawks,1627820,Tyrone Wallace,2.9,0.9,1.6,0.03,0.04,0.04,0.4,0.6,0.5,-2.0,-0.5080894428031636,511.0
1610612741,Chicago Bulls,1629690,Adam Mokoka,2.9,0.4,0.9,0.03,0.02,0.02,0.3,0.2,0.2,-1.25,-0.5558239142856352,512.0
1610612756,Phoenix Suns,1629745,Tariq Owens,1.3,0.0,1.0,0.01,0.0,0.03,0.0,0.0,0.1,-0.75,-0.6361823963301796,513.0
1610612764,Washington Wizards,1629620,Justin Robinson,1.4,0.8,0.6,0.01,0.04,0.01,0.1,0.3,0.1,-1.25,-0.6670252418332927,514.0
1610612765,Detroit Pistons,1629017,Khyri Thomas,2.1,0.4,0.1,0.02,0.01,0.0,0.2,0.1,0.0,-1.0,-0.6782028084638863,515.0
1610612739,Cleveland Cavaliers,1627790,Ante Zizic,4.4,0.3,3.0,0.04,0.01,0.07,0.9,0.3,1.6,-3.5,-0.7215995181814471,516.0
1610612737,Atlanta Hawks,202718,Chandler Parsons,2.8,0.6,1.4,0.03,0.03,0.04,0.1,0.1,0.2,-1.25,-0.7957305574533949,517.0
1610612739,Cleveland Cavaliers,1629760,Matt Mooney,0.5,0.2,0.8,0.01,0.02,0.02,0.0,0.1,0.1,-1.0,-0.8340667377086859,518.0
1610612753,Orlando Magic,1628982,Melvin Frazier Jr.,2.1,0.2,0.5,0.02,0.01,0.01,0.4,0.1,0.2,-1.75,-1.0334861039526988,519.0
1610612764,Washington Wizards,1629678,Admiral Schofield,3.0,0.5,1.4,0.03,0.02,0.03,0.9,0.7,1.1,-3.75,-1.051037399084019,520.0
1610612750,Minnesota Timberwolves,1629669,Jaylen Nowell,3.8,1.3,0.9,0.03,0.06,0.02,0.5,0.8,0.3,-2.75,-1.1073380110834519,521.0
1610612743,Denver Nuggets,1629076,Tyler Cook,1.8,0.1,1.1,0.02,0.0,0.03,0.2,0.0,0.3,-1.75,-1.1531968133887958,522.0
1610612753,Orlando Magic,1628518,Amile Jefferson,0.8,0.2,1.3,0.01,0.01,0.03,0.1,0.2,0.5,-2.0,-1.196134260060452,523.0
1610612752,New York Knicks,1629649,Ignas Brazdeikis,1.9,0.4,0.6,0.02,0.03,0.01,0.2,0.2,0.1,-1.75,-1.2220030420278891,524.0
1610612752,New York Knicks,1629019,Allonzo Trier,6.5,1.2,1.2,0.07,0.06,0.03,1.6,1.5,0.7,-5.0,-1.289445044264631,525.0
1610612744,Golden State Warriors,1629346,Alen Smailagic,4.2,0.9,1.9,0.04,0.04,0.04,0.6,0.5,0.6,-3.0,-1.301230103765406,526.0
1610612737,Atlanta Hawks,1629718,Charlie Brown Jr.,2.0,0.2,0.4,0.02,0.01,0.01,0.2,0.1,0.1,-2.0,-1.6110064461548734,527.0
1610612739,Cleveland Cavaliers,1629731,Dean Wade,1.7,0.2,1.6,0.02,0.01,0.04,0.2,0.1,0.5,-2.5,-1.7632714410822166,528.0
1610612750,Minnesota Timberwolves,203459,Allen Crabbe,4.6,0.9,2.1,0.04,0.04,0.05,1.6,1.4,1.8,-6.75,-1.9841647749528668,529.0
